player,total_runs,total_balls,total_batting_points,batting_matches,avg_runs,strike_rate,fantasy_avg,fantasy_best,fantasy_total,fantasy_matches,bowling_avg,bowling_best,bowling_total,matches
A Ashish Reddy,280,196,326.0,23,12.173913043478262,142.85714285714286,14.173913043478262,44.0,326.0,23,23.75,75.0,475.0,20.0
A Badoni,1135,866,1314.0,55,20.636363636363637,131.0623556581986,23.89090909090909,89.0,1314.0,55,12.5,50.0,100.0,8.0
A Chandila,4,7,4.0,2,2.0,57.14285714285714,2.0,4.0,4.0,2,22.916666666666668,100.0,275.0,12.0
A Chopra,53,75,60.0,6,8.833333333333334,70.66666666666667,10.0,27.0,60.0,6,0.0,0.0,0.0,0.0
A Choudhary,25,20,28.0,3,8.333333333333334,125.0,9.333333333333334,16.0,28.0,3,25.0,50.0,125.0,5.0
A Dananjaya,4,5,4.0,1,4.0,80.0,4.0,4.0,4.0,1,0.0,0.0,0.0,1.0
A Flintoff,62,57,71.0,3,20.666666666666668,108.77192982456141,23.666666666666668,28.0,71.0,3,16.666666666666668,25.0,50.0,3.0
A Kamboj,55,47,63.0,9,6.111111111111111,117.02127659574468,7.0,22.0,63.0,9,33.333333333333336,75.0,800.0,24.0
A Kumble,35,49,38.0,15,2.3333333333333335,71.42857142857143,2.533333333333333,9.0,38.0,15,29.166666666666668,125.0,1225.0,42.0
A Manohar,292,243,343.0,20,14.6,120.16460905349795,17.15,51.0,343.0,20,0.0,0.0,0.0,0.0
A Mhatre,441,250,538.0,13,33.92307692307692,176.4,41.38461538461539,113.0,538.0,13,0.0,0.0,0.0,0.0
A Mishra,381,440,422.0,55,6.927272727272728,86.5909090909091,7.672727272727273,34.0,422.0,55,28.24074074074074,125.0,4575.0,162.0
A Mithun,34,26,40.0,6,5.666666666666667,130.76923076923077,6.666666666666667,13.0,40.0,6,12.5,50.0,200.0,16.0
A Mukund,19,23,20.0,2,9.5,82.6086956521739,10.0,20.0,20.0,2,0.0,0.0,0.0,0.0
A Nehra,41,63,46.0,17,2.411764705882353,65.07936507936508,2.7058823529411766,26.0,46.0,17,34.375,125.0,3025.0,88.0
A Nortje,49,52,55.0,14,3.5,94.23076923076923,3.9285714285714284,27.0,55.0,14,32.142857142857146,100.0,1575.0,49.0
A Raghuvanshi,885,628,1041.0,30,29.5,140.9235668789809,34.7,100.0,1041.0,30,0.0,0.0,0.0,0.0
A Singh,2,10,2.0,5,0.4,20.0,0.4,1.0,2.0,5,33.69565217391305,100.0,775.0,23.0
A Symonds,974,781,1130.0,36,27.055555555555557,124.71190781049937,31.38888888888889,142.0,1130.0,36,19.166666666666668,75.0,575.0,30.0
A Tomar,4,8,5.0,1,4.0,50.0,5.0,5.0,5.0,1,0.0,0.0,0.0,0.0
A Uniyal,4,7,4.0,2,2.0,57.14285714285714,2.0,4.0,4.0,2,37.5,75.0,75.0,2.0
A Zampa,15,25,16.0,5,3.0,60.0,3.2,7.0,16.0,5,36.36363636363637,150.0,800.0,22.0
AA Bilakhia,69,88,74.0,7,9.857142857142858,78.4090909090909,10.571428571428571,24.0,74.0,7,0.0,0.0,0.0,0.0
AA Chavan,12,11,14.0,3,4.0,109.09090909090908,4.666666666666667,8.0,14.0,3,15.384615384615385,50.0,200.0,13.0
AA Jhunjhunwala,217,218,246.0,15,14.466666666666667,99.54128440366972,16.4,60.0,246.0,15,2.5,25.0,25.0,10.0
AA Kulkarni,26,32,29.0,3,8.666666666666666,81.25,9.666666666666666,18.0,29.0,3,0.0,0.0,0.0,0.0
AA Noffke,9,12,10.0,1,9.0,75.0,10.0,10.0,10.0,1,25.0,25.0,25.0,1.0
AB Agarkar,179,160,202.0,18,9.944444444444445,111.87499999999999,11.222222222222221,46.0,202.0,18,19.642857142857142,75.0,825.0,42.0
AB Barath,42,43,49.0,3,14.0,97.67441860465115,16.333333333333332,39.0,49.0,3,0.0,0.0,0.0,0.0
AB Dinda,26,50,28.0,16,1.625,52.0,1.75,8.0,28.0,16,27.333333333333332,100.0,2050.0,75.0
AB McDonald,123,103,140.0,9,13.666666666666666,119.41747572815532,15.555555555555555,38.0,140.0,9,35.0,100.0,350.0,10.0
AB de Villiers,5181,3487,6101.0,170,30.476470588235294,148.58044164037855,35.88823529411765,163.0,6101.0,170,0.0,0.0,0.0,0.0
AC Blizzard,120,91,145.0,7,17.142857142857142,131.86813186813185,20.714285714285715,62.0,145.0,7,0.0,0.0,0.0,0.0
AC Gilchrist,2069,1555,2492.0,80,25.8625,133.05466237942122,31.15,138.0,2492.0,80,25.0,25.0,25.0,1.0
AC Thomas,20,19,23.0,4,5.0,105.26315789473684,5.75,14.0,23.0,4,26.666666666666668,75.0,400.0,15.0
AC Voges,181,143,202.0,7,25.857142857142858,126.57342657342659,28.857142857142858,52.0,202.0,7,3.5714285714285716,25.0,25.0,7.0
AD Hales,148,119,173.0,6,24.666666666666668,124.36974789915966,28.833333333333332,54.0,173.0,6,0.0,0.0,0.0,0.0
AD Mascarenhas,79,79,86.0,11,7.181818181818182,100.0,7.818181818181818,29.0,86.0,11,36.53846153846154,125.0,475.0,13.0
AD Mathews,724,599,826.0,41,17.658536585365855,120.86811352253757,20.146341463414632,78.0,826.0,41,15.909090909090908,100.0,700.0,44.0
AD Nath,90,99,101.0,10,9.0,90.9090909090909,10.1,27.0,101.0,10,0.0,0.0,0.0,0.0
AD Russell,2655,1626,3288.0,114,23.289473684210527,163.28413284132841,28.842105263157894,111.0,3288.0,114,27.479338842975206,150.0,3325.0,121.0
AF Milne,25,33,27.0,7,3.5714285714285716,75.75757575757575,3.857142857142857,17.0,27.0,7,20.454545454545453,75.0,225.0,11.0
AG Murtaza,10,14,11.0,3,3.3333333333333335,71.42857142857143,3.6666666666666665,6.0,11.0,3,25.0,75.0,300.0,12.0
AG Paunikar,49,61,58.0,5,9.8,80.32786885245902,11.6,24.0,58.0,5,0.0,0.0,0.0,0.0
AJ Finch,2092,1696,2462.0,90,23.244444444444444,123.34905660377358,27.355555555555554,104.0,2462.0,90,5.0,25.0,25.0,5.0
AJ Hosein,21,14,24.0,3,7.0,150.0,8.0,19.0,24.0,3,31.25,100.0,250.0,8.0
AJ Turner,24,31,28.0,6,4.0,77.41935483870968,4.666666666666667,20.0,28.0,6,0.0,0.0,0.0,0.0
AJ Tye,91,79,107.0,13,7.0,115.18987341772151,8.23076923076923,31.0,107.0,13,40.0,125.0,1200.0,30.0
AK Markram,1671,1264,1938.0,66,25.318181818181817,132.1993670886076,29.363636363636363,82.0,1938.0,66,6.25,50.0,150.0,24.0
AL Menaria,401,367,461.0,23,17.434782608695652,109.26430517711172,20.043478260869566,46.0,461.0,23,6.25,50.0,75.0,12.0
AM Nayar,672,588,767.0,50,13.44,114.28571428571428,15.34,53.0,767.0,50,11.842105263157896,75.0,225.0,19.0
AM Rahane,5283,4332,6089.0,195,27.092307692307692,121.95290858725762,31.225641025641025,125.0,6089.0,195,25.0,25.0,25.0,1.0
AN Ahmed,36,27,42.0,6,6.0,133.33333333333331,7.0,21.0,42.0,6,22.058823529411764,75.0,375.0,17.0
AN Ghosh,7,8,8.0,2,3.5,87.5,4.0,8.0,8.0,2,0.0,0.0,0.0,0.0
AP Dole,34,23,39.0,2,17.0,147.82608695652172,19.5,34.0,39.0,2,41.666666666666664,50.0,125.0,3.0
AP Majumdar,87,77,98.0,4,21.75,112.98701298701299,24.5,35.0,98.0,4,0.0,0.0,0.0,0.0
AP Tare,339,285,401.0,27,12.555555555555555,118.94736842105263,14.851851851851851,69.0,401.0,27,0.0,0.0,0.0,0.0
AR Bawne,12,12,13.0,1,12.0,100.0,13.0,13.0,13.0,1,0.0,0.0,0.0,0.0
AR Patel,2050,1608,2389.0,133,15.413533834586467,127.48756218905473,17.962406015037594,79.0,2389.0,133,21.36627906976744,100.0,3675.0,172.0
AS Joseph,27,32,30.0,5,5.4,84.375,6.0,17.0,30.0,5,25.0,150.0,550.0,22.0
AS Rajpoot,26,41,30.0,7,3.7142857142857144,63.41463414634146,4.285714285714286,9.0,30.0,7,20.689655172413794,125.0,600.0,29.0
AS Raut,194,172,221.0,16,12.125,112.79069767441861,13.8125,40.0,221.0,16,0.0,0.0,0.0,5.0
AS Roy,65,53,74.0,12,5.416666666666667,122.64150943396226,6.166666666666667,34.0,74.0,12,20.0,50.0,400.0,20.0
AS Yadav,49,40,58.0,6,8.166666666666666,122.50000000000001,9.666666666666666,19.0,58.0,6,0.0,0.0,0.0,0.0
AT Carey,32,29,34.0,3,10.666666666666666,110.34482758620689,11.333333333333334,16.0,34.0,3,0.0,0.0,0.0,0.0
AT Rayudu,4348,3490,5053.0,185,23.502702702702702,124.58452722063038,27.313513513513513,121.0,5053.0,185,0.0,0.0,0.0,0.0
AU Rashid,22,17,26.0,2,11.0,129.41176470588235,13.0,21.0,26.0,2,16.666666666666668,50.0,50.0,3.0
AUK Pathan,39,26,48.0,7,5.571428571428571,150.0,6.857142857142857,18.0,48.0,7,0.0,0.0,0.0,3.0
Abdul Basith,1,1,1.0,1,1.0,100.0,1.0,1.0,1.0,1,0.0,0.0,0.0,0.0
Abdul Samad,822,575,978.0,57,14.421052631578947,142.95652173913044,17.157894736842106,55.0,978.0,57,7.142857142857143,25.0,50.0,7.0
Abdur Razzak,0,2,0.0,1,0.0,0.0,0.0,0.0,0.0,1,0.0,0.0,0.0,1.0
Abhishek Sharma,2323,1445,2821.0,87,26.701149425287355,160.76124567474048,32.42528735632184,175.0,2821.0,87,7.638888888888889,50.0,275.0,36.0
Abishek Porel,747,528,879.0,32,23.34375,141.47727272727272,27.46875,78.0,879.0,32,0.0,0.0,0.0,0.0
Akash Deep,25,14,31.0,5,5.0,178.57142857142858,6.2,21.0,31.0,5,19.642857142857142,75.0,275.0,14.0
Akash Madhwal,8,14,8.0,2,4.0,57.14285714285714,4.0,4.0,8.0,2,38.23529411764706,150.0,650.0,17.0
Akshat Raghuwanshi,29,27,32.0,2,14.5,107.40740740740742,16.0,19.0,32.0,2,0.0,0.0,0.0,0.0
Aman Hakim Khan,115,109,135.0,10,11.5,105.50458715596329,13.5,60.0,135.0,10,0.0,0.0,0.0,1.0
Aniket Verma,315,205,383.0,20,15.75,153.65853658536585,19.15,91.0,383.0,20,0.0,0.0,0.0,0.0
Anirudh Singh,63,69,71.0,4,15.75,91.30434782608695,17.75,46.0,71.0,4,0.0,0.0,0.0,0.0
Ankit Sharma,87,69,102.0,10,8.7,126.08695652173914,10.2,36.0,102.0,10,14.285714285714286,50.0,300.0,21.0
Ankit Soni,7,9,9.0,3,2.3333333333333335,77.77777777777779,3.0,9.0,9.0,3,16.666666666666668,50.0,100.0,6.0
Anmolpreet Singh,139,117,164.0,9,15.444444444444445,118.80341880341881,18.22222222222222,43.0,164.0,9,0.0,0.0,0.0,0.0
Anuj Rawat,318,276,372.0,21,15.142857142857142,115.21739130434783,17.714285714285715,80.0,372.0,21,0.0,0.0,0.0,0.0
Anureet Singh,36,47,40.0,8,4.5,76.59574468085107,5.0,17.0,40.0,8,23.863636363636363,75.0,525.0,22.0
Arjun Tendulkar,13,9,15.0,1,13.0,144.44444444444443,15.0,15.0,15.0,1,20.0,50.0,100.0,5.0
Arshad Khan,127,96,151.0,11,11.545454545454545,132.29166666666669,13.727272727272727,71.0,151.0,11,20.454545454545453,100.0,450.0,22.0
Arshad Khan (2),5,4,6.0,1,5.0,125.0,6.0,6.0,6.0,1,0.0,0.0,0.0,1.0
Arshdeep Singh,32,49,36.0,14,2.2857142857142856,65.3061224489796,2.5714285714285716,11.0,36.0,14,31.914893617021278,125.0,3000.0,94.0
Ashok Sharma,1,5,1.0,2,0.5,20.0,0.5,1.0,1.0,2,25.0,50.0,150.0,6.0
Ashutosh Sharma,546,345,661.0,25,21.84,158.26086956521738,26.44,81.0,661.0,25,0.0,0.0,0.0,0.0
Ashwani Kumar,1,6,1.0,1,1.0,16.666666666666664,1.0,1.0,1.0,1,42.5,100.0,425.0,10.0
Atharva Taide,260,188,306.0,10,26.0,138.29787234042556,30.6,78.0,306.0,10,0.0,0.0,0.0,1.0
Auqib Nabi,14,4,18.0,2,7.0,350.0,9.0,13.0,18.0,2,0.0,0.0,0.0,4.0
Avesh Khan,68,46,83.0,16,4.25,147.82608695652172,5.1875,24.0,83.0,16,30.48780487804878,100.0,2500.0,82.0
Azhar Mahmood,388,311,453.0,21,18.476190476190474,124.7588424437299,21.571428571428573,96.0,453.0,21,33.69565217391305,75.0,775.0,23.0
Azmatullah Omarzai,151,105,182.0,11,13.727272727272727,143.8095238095238,16.545454545454547,48.0,182.0,11,20.58823529411765,50.0,350.0,17.0
B Akhil,76,57,91.0,11,6.909090909090909,133.33333333333331,8.272727272727273,35.0,91.0,11,13.461538461538462,50.0,175.0,13.0
B Chipli,280,256,322.0,21,13.333333333333334,109.375,15.333333333333334,72.0,322.0,21,0.0,0.0,0.0,1.0
B Indrajith,21,31,23.0,3,7.0,67.74193548387096,7.666666666666667,17.0,23.0,3,0.0,0.0,0.0,0.0
B Kumar,354,392,396.0,75,4.72,90.3061224489796,5.28,30.0,396.0,75,29.43349753694581,150.0,5975.0,203.0
B Laughlin,5,13,5.0,4,1.25,38.46153846153847,1.25,4.0,5.0,4,27.77777777777778,50.0,250.0,9.0
B Lee,124,102,148.0,19,6.526315789473684,121.56862745098039,7.7894736842105265,31.0,148.0,19,19.736842105263158,75.0,750.0,38.0
B Sai Sudharsan,2347,1646,2741.0,53,44.283018867924525,142.588092345079,51.716981132075475,128.0,2741.0,53,0.0,0.0,0.0,0.0
B Stanlake,5,2,6.0,1,5.0,250.0,6.0,6.0,6.0,1,29.166666666666668,50.0,175.0,6.0
B Sumanth,35,38,38.0,4,8.75,92.10526315789474,9.5,18.0,38.0,4,0.0,0.0,0.0,0.0
BA Bhatt,6,7,8.0,2,3.0,85.71428571428571,4.0,8.0,8.0,2,21.666666666666668,100.0,325.0,15.0
BA Stokes,935,718,1080.0,43,21.74418604651163,130.22284122562675,25.11627906976744,127.0,1080.0,43,20.394736842105264,75.0,775.0,38.0
BAW Mendis,3,6,3.0,3,1.0,50.0,1.0,2.0,3.0,3,22.5,50.0,225.0,10.0
BB McCullum,2882,2272,3435.0,109,26.440366972477065,126.84859154929578,31.513761467889907,194.0,3435.0,109,0.0,0.0,0.0,0.0
BB Samantray,125,116,142.0,8,15.625,107.75862068965519,17.75,63.0,142.0,8,0.0,0.0,0.0,0.0
BB Sran,10,14,10.0,7,1.4285714285714286,71.42857142857143,1.4285714285714286,3.0,10.0,7,20.833333333333332,75.0,500.0,24.0
BCJ Cutting,238,146,291.0,17,14.0,163.013698630137,17.11764705882353,50.0,291.0,17,17.647058823529413,50.0,300.0,17.0
BE Hendricks,1,3,1.0,2,0.5,33.33333333333333,0.5,1.0,1.0,2,39.285714285714285,75.0,275.0,7.0
BJ Haddin,18,11,22.0,1,18.0,163.63636363636365,22.0,22.0,22.0,1,0.0,0.0,0.0,0.0
BJ Hodge,1400,1153,1608.0,63,22.22222222222222,121.42237640936686,25.523809523809526,84.0,1608.0,63,22.5,125.0,450.0,20.0
BJ Rohrer,193,146,224.0,8,24.125,132.1917808219178,28.0,75.0,224.0,8,0.0,0.0,0.0,1.0
BKG Mendis,20,11,25.0,1,20.0,181.8181818181818,25.0,25.0,25.0,1,0.0,0.0,0.0,0.0
BMAJ Mendis,23,27,23.0,3,7.666666666666667,85.18518518518519,7.666666666666667,12.0,23.0,3,12.5,25.0,25.0,2.0
BR Dunk,40,36,47.0,3,13.333333333333334,111.11111111111111,15.666666666666666,24.0,47.0,3,0.0,0.0,0.0,0.0
BR Sharath,2,5,2.0,1,2.0,40.0,2.0,2.0,2.0,1,0.0,0.0,0.0,0.0
Basil Thampi,32,37,35.0,7,4.571428571428571,86.48648648648648,5.0,15.0,35.0,7,26.0,100.0,650.0,25.0
Bipul Sharma,187,124,216.0,17,11.0,150.80645161290323,12.705882352941176,42.0,216.0,17,19.642857142857142,50.0,550.0,28.0
Brijesh Sharma,2,4,2.0,2,1.0,50.0,1.0,1.0,2.0,2,27.5,50.0,275.0,10.0
C Bosch,63,41,74.0,4,15.75,153.65853658536585,18.5,32.0,74.0,4,37.5,100.0,225.0,6.0
C Connolly,473,304,576.0,12,39.416666666666664,155.5921052631579,48.0,130.0,576.0,12,0.0,0.0,0.0,0.0
C Green,1023,691,1205.0,40,25.575,148.04630969609264,30.125,124.0,1205.0,40,16.89189189189189,50.0,625.0,37.0
C Madan,15,21,18.0,1,15.0,71.42857142857143,18.0,18.0,18.0,1,0.0,0.0,0.0,0.0
C Munro,177,144,212.0,11,16.09090909090909,122.91666666666667,19.272727272727273,50.0,212.0,11,0.0,0.0,0.0,2.0
C Nanda,0,1,0.0,1,0.0,0.0,0.0,0.0,0.0,1,16.666666666666668,25.0,50.0,3.0
C Sakariya,20,31,23.0,7,2.857142857142857,64.51612903225806,3.2857142857142856,8.0,23.0,7,25.0,75.0,500.0,20.0
C de Grandhomme,303,229,357.0,21,14.428571428571429,132.31441048034935,17.0,49.0,357.0,21,9.210526315789474,75.0,175.0,19.0
CA Ingram,205,183,237.0,15,13.666666666666666,112.02185792349727,15.8,56.0,237.0,15,0.0,0.0,0.0,0.0
CA Lynn,1329,974,1593.0,42,31.642857142857142,136.4476386036961,37.92857142857143,115.0,1593.0,42,0.0,0.0,0.0,0.0
CA Pujara,390,403,448.0,22,17.727272727272727,96.7741935483871,20.363636363636363,59.0,448.0,22,0.0,0.0,0.0,0.0
CH Gayle,4997,3516,6123.0,141,35.43971631205674,142.1217292377702,43.42553191489362,222.0,6123.0,141,12.5,75.0,475.0,38.0
CH Morris,618,413,729.0,49,12.612244897959183,149.636803874092,14.877551020408163,102.0,729.0,49,33.02469135802469,125.0,2675.0,81.0
CJ Anderson,538,436,640.0,29,18.551724137931036,123.39449541284404,22.06896551724138,116.0,640.0,29,15.909090909090908,75.0,350.0,22.0
CJ Ferguson,98,119,107.0,8,12.25,82.35294117647058,13.375,25.0,107.0,8,0.0,0.0,0.0,0.0
CJ Jordan,81,81,90.0,12,6.75,100.0,7.5,37.0,90.0,12,26.470588235294116,100.0,900.0,34.0
CJ McKay,8,15,8.0,1,8.0,53.333333333333336,8.0,8.0,8.0,1,12.5,25.0,25.0,2.0
CK Kapugedera,16,24,16.0,3,5.333333333333333,66.66666666666666,5.333333333333333,8.0,16.0,3,0.0,0.0,0.0,3.0
CK Langeveldt,8,9,10.0,2,4.0,88.88888888888889,5.0,10.0,10.0,2,46.42857142857143,75.0,325.0,7.0
CL White,971,774,1123.0,45,21.57777777777778,125.45219638242895,24.955555555555556,94.0,1123.0,45,4.166666666666667,25.0,25.0,6.0
CM Gautam,169,158,198.0,13,13.0,106.9620253164557,15.23076923076923,39.0,198.0,13,0.0,0.0,0.0,0.0
CR Brathwaite,181,120,223.0,14,12.928571428571429,150.83333333333334,15.928571428571429,52.0,223.0,14,25.0,75.0,400.0,16.0
CR Woakes,78,77,89.0,12,6.5,101.29870129870129,7.416666666666667,21.0,89.0,12,36.904761904761905,75.0,775.0,21.0
CRD Fernando,4,3,4.0,2,2.0,133.33333333333331,2.0,2.0,4.0,2,47.5,125.0,475.0,10.0
CV Varun,26,51,28.0,12,2.1666666666666665,50.98039215686274,2.3333333333333335,12.0,28.0,12,30.434782608695652,125.0,2800.0,92.0
D Brevis,598,421,722.0,23,26.0,142.04275534441805,31.391304347826086,71.0,722.0,23,25.0,25.0,25.0,1.0
D Ferreira,258,160,315.0,13,19.846153846153847,161.25,24.23076923076923,83.0,315.0,13,8.333333333333334,25.0,25.0,3.0
D Kalyankrishna,3,8,3.0,1,3.0,37.5,3.0,3.0,3.0,1,16.666666666666668,25.0,50.0,3.0
D Padikkal,2218,1742,2610.0,86,25.790697674418606,127.32491389207807,30.348837209302324,124.0,2610.0,86,0.0,0.0,0.0,0.0
D Pretorius,44,28,53.0,5,8.8,157.14285714285714,10.6,26.0,53.0,5,25.0,50.0,175.0,7.0
D Salunkhe,33,24,38.0,3,11.0,137.5,12.666666666666666,30.0,38.0,3,5.0,25.0,25.0,5.0
D Wiese,148,105,174.0,11,13.454545454545455,140.95238095238096,15.818181818181818,57.0,174.0,11,28.333333333333332,100.0,425.0,15.0
D du Preez,10,13,10.0,1,10.0,76.92307692307693,10.0,10.0,10.0,1,50.0,75.0,100.0,2.0
DA Miller,3260,2420,3793.0,142,22.95774647887324,134.71074380165288,26.711267605633804,123.0,3793.0,142,0.0,0.0,0.0,0.0
DA Payne,6,5,6.0,1,6.0,120.0,6.0,6.0,6.0,1,25.0,50.0,50.0,2.0
DA Warner,6567,4849,7702.0,184,35.69021739130435,135.4299855640338,41.858695652173914,152.0,7702.0,184,0.0,0.0,0.0,1.0
DAJ Bracewell,12,9,13.0,1,12.0,133.33333333333331,13.0,13.0,13.0,1,75.0,75.0,75.0,1.0
DB Das,304,267,359.0,22,13.818181818181818,113.85767790262172,16.318181818181817,40.0,359.0,22,0.0,0.0,0.0,0.0
DB Ravi Teja,375,325,428.0,25,15.0,115.38461538461537,17.12,69.0,428.0,25,12.5,25.0,25.0,2.0
DE Bollinger,21,23,24.0,4,5.25,91.30434782608695,6.0,19.0,24.0,4,39.81481481481482,100.0,1075.0,27.0
DG Nalkande,12,12,14.0,2,6.0,100.0,7.0,14.0,14.0,2,25.0,50.0,150.0,6.0
DH Yagnik,170,142,197.0,17,10.0,119.71830985915493,11.588235294117647,40.0,197.0,17,0.0,0.0,0.0,0.0
DJ Bravo,1560,1247,1812.0,110,14.181818181818182,125.10024057738573,16.472727272727273,85.0,1812.0,110,32.75316455696203,100.0,5175.0,158.0
DJ Harris,111,103,132.0,4,27.75,107.76699029126213,33.0,57.0,132.0,4,0.0,0.0,0.0,2.0
DJ Hooda,1497,1213,1719.0,101,14.821782178217822,123.41302555647155,17.019801980198018,80.0,1719.0,101,7.352941176470588,50.0,250.0,34.0
DJ Hussey,1322,1101,1532.0,61,21.672131147540984,120.07266121707538,25.114754098360656,83.0,1532.0,61,9.615384615384615,50.0,250.0,26.0
DJ Jacobs,92,101,110.0,7,13.142857142857142,91.0891089108911,15.714285714285714,39.0,110.0,7,0.0,0.0,0.0,0.0
DJ Malan,26,26,29.0,1,26.0,100.0,29.0,29.0,29.0,1,0.0,0.0,0.0,0.0
DJ Mitchell,351,274,399.0,15,23.4,128.1021897810219,26.6,76.0,399.0,15,6.25,25.0,25.0,4.0
DJ Muthuswami,1,3,1.0,1,1.0,33.33333333333333,1.0,1.0,1.0,1,16.666666666666668,50.0,100.0,6.0
DJ Thornely,39,54,45.0,4,9.75,72.22222222222221,11.25,36.0,45.0,4,18.75,50.0,75.0,4.0
DJ Willey,53,64,60.0,5,10.6,82.8125,12.0,22.0,60.0,5,15.909090909090908,50.0,175.0,11.0
DJG Sammy,295,251,346.0,20,14.75,117.52988047808766,17.3,70.0,346.0,20,18.42105263157895,150.0,350.0,19.0
DJM Short,115,102,136.0,7,16.428571428571427,112.74509803921569,19.428571428571427,54.0,136.0,7,12.5,25.0,25.0,2.0
DL Chahar,124,93,146.0,18,6.888888888888889,133.33333333333331,8.11111111111111,46.0,146.0,18,23.762376237623762,125.0,2400.0,101.0
DL Vettori,121,118,136.0,16,7.5625,102.54237288135593,8.5,32.0,136.0,16,25.0,125.0,850.0,34.0
DM Bravo,6,5,7.0,1,6.0,120.0,7.0,7.0,7.0,1,0.0,0.0,0.0,0.0
DNT Zoysa,11,9,12.0,2,5.5,122.22222222222223,6.0,11.0,12.0,2,16.666666666666668,25.0,50.0,3.0
DP Conway,1080,794,1265.0,28,38.57142857142857,136.02015113350126,45.17857142857143,110.0,1265.0,28,0.0,0.0,0.0,0.0
DP Nannes,4,13,4.0,2,2.0,30.76923076923077,2.0,3.0,4.0,2,32.758620689655174,100.0,950.0,29.0
DP Vijaykumar,1,1,1.0,1,1.0,100.0,1.0,1.0,1.0,1,11.11111111111111,25.0,100.0,9.0
DPMD Jayawardene,1808,1522,2088.0,78,23.17948717948718,118.7910643889619,26.76923076923077,130.0,2088.0,78,0.0,0.0,0.0,0.0
DR Martyn,19,26,20.0,1,19.0,73.07692307692307,20.0,20.0,20.0,1,0.0,0.0,0.0,0.0
DR Sams,44,48,51.0,13,3.3846153846153846,91.66666666666666,3.923076923076923,17.0,51.0,13,23.4375,100.0,375.0,16.0
DR Shorey,13,20,15.0,2,6.5,65.0,7.5,10.0,15.0,2,0.0,0.0,0.0,0.0
DR Smith,2385,1803,2864.0,88,27.102272727272727,132.27953410981698,32.54545454545455,103.0,2864.0,88,14.673913043478262,100.0,675.0,46.0
DS Kulkarni,104,113,115.0,20,5.2,92.03539823008849,5.75,32.0,115.0,20,24.72826086956522,100.0,2275.0,92.0
DS Lehmann,18,19,21.0,2,9.0,94.73684210526315,10.5,20.0,21.0,2,0.0,0.0,0.0,0.0
DS Rathi,3,9,3.0,3,1.0,33.33333333333333,1.0,2.0,3.0,3,21.59090909090909,50.0,475.0,22.0
DT Christian,460,408,521.0,41,11.21951219512195,112.74509803921569,12.707317073170731,44.0,521.0,41,20.408163265306122,50.0,1000.0,49.0
DT Patil,13,13,14.0,2,6.5,100.0,7.0,9.0,14.0,2,0.0,0.0,0.0,0.0
DV Malewar,2,5,2.0,2,1.0,40.0,1.0,2.0,2.0,2,0.0,0.0,0.0,0.0
DW Steyn,167,163,187.0,33,5.0606060606060606,102.45398773006136,5.666666666666667,22.0,187.0,33,27.63157894736842,75.0,2625.0,95.0
Dhruv Jurel,1100,747,1303.0,48,22.916666666666668,147.25568942436414,27.145833333333332,95.0,1303.0,48,0.0,0.0,0.0,0.0
E Lewis,654,499,788.0,26,25.153846153846153,131.06212424849699,30.307692307692307,81.0,788.0,26,0.0,0.0,0.0,0.0
E Malinga,2,10,2.0,2,1.0,20.0,1.0,2.0,2.0,2,40.0,100.0,800.0,20.0
EJG Morgan,1406,1181,1646.0,74,19.0,119.05165114309906,22.243243243243242,85.0,1646.0,74,0.0,0.0,0.0,0.0
ER Dwivedi,24,15,30.0,2,12.0,160.0,15.0,24.0,30.0,2,0.0,0.0,0.0,0.0
F Behardien,14,13,16.0,3,4.666666666666667,107.6923076923077,5.333333333333333,10.0,16.0,3,0.0,0.0,0.0,0.0
F du Plessis,4773,3605,5561.0,147,32.46938775510204,132.39944521497918,37.82993197278912,114.0,5561.0,147,0.0,0.0,0.0,1.0
FA Allen,14,19,15.0,3,4.666666666666667,73.68421052631578,5.0,9.0,15.0,3,12.5,25.0,50.0,4.0
FH Allen,321,149,403.0,9,35.666666666666664,215.43624161073828,44.77777777777778,125.0,403.0,9,0.0,0.0,0.0,0.0
FH Edwards,4,5,4.0,2,2.0,80.0,2.0,3.0,4.0,2,25.0,50.0,150.0,6.0
FY Fazal,183,179,207.0,11,16.636363636363637,102.23463687150837,18.818181818181817,52.0,207.0,11,12.5,25.0,25.0,2.0
Fazalhaq Farooqi,5,15,5.0,3,1.6666666666666667,33.33333333333333,1.6666666666666667,2.0,5.0,3,12.5,50.0,150.0,12.0
G Coetzee,31,33,37.0,7,4.428571428571429,93.93939393939394,5.285714285714286,15.0,37.0,7,26.785714285714285,100.0,375.0,14.0
G Gambhir,4217,3524,4827.0,151,27.927152317880793,119.66515323496027,31.966887417218544,112.0,4827.0,151,0.0,0.0,0.0,0.0
GB Hogg,22,22,23.0,4,5.5,100.0,5.75,14.0,23.0,4,29.761904761904763,100.0,625.0,21.0
GC Smith,739,691,851.0,29,25.482758620689655,106.9464544138929,29.344827586206897,108.0,851.0,29,0.0,0.0,0.0,0.0
GC Viljoen,3,7,3.0,3,1.0,42.857142857142854,1.0,2.0,3.0,3,33.333333333333336,75.0,200.0,6.0
GD McGrath,4,5,5.0,2,2.0,80.0,2.5,5.0,5.0,2,25.0,100.0,350.0,14.0
GD Phillips,132,112,155.0,13,10.153846153846153,117.85714285714286,11.923076923076923,32.0,155.0,13,12.5,25.0,50.0,4.0
GF Linde,31,21,37.0,3,10.333333333333334,147.61904761904762,12.333333333333334,19.0,37.0,3,8.333333333333334,25.0,25.0,3.0
GH Vihari,284,331,309.0,23,12.347826086956522,85.80060422960725,13.434782608695652,51.0,309.0,23,4.166666666666667,25.0,25.0,6.0
GHS Garton,2,4,2.0,2,1.0,50.0,1.0,2.0,2.0,2,15.0,25.0,75.0,5.0
GJ Bailey,663,552,760.0,36,18.416666666666668,120.1086956521739,21.11111111111111,71.0,760.0,36,0.0,0.0,0.0,0.0
GJ Maxwell,2820,1896,3380.0,134,21.044776119402986,148.73417721518987,25.223880597014926,118.0,3380.0,134,13.235294117647058,50.0,1125.0,85.0
GR Napier,15,16,16.0,1,15.0,93.75,16.0,16.0,16.0,1,25.0,25.0,25.0,1.0
Gulbadin Naib,19,15,22.0,1,19.0,126.66666666666666,22.0,22.0,22.0,1,0.0,0.0,0.0,1.0
Gurkeerat Singh,511,436,588.0,32,15.96875,117.20183486238531,18.375,75.0,588.0,32,20.833333333333332,50.0,125.0,6.0
H Das,2,5,2.0,1,2.0,40.0,2.0,2.0,2.0,1,0.0,0.0,0.0,0.0
H Klaasen,2035,1282,2405.0,58,35.08620689655172,158.73634945397816,41.46551724137931,130.0,2405.0,58,0.0,0.0,0.0,0.0
HC Brook,190,159,221.0,11,17.272727272727273,119.49685534591194,20.09090909090909,118.0,221.0,11,0.0,0.0,0.0,0.0
HE van der Dussen,22,25,24.0,3,7.333333333333333,88.0,8.0,13.0,24.0,3,0.0,0.0,0.0,0.0
HF Gurney,1,5,1.0,1,1.0,20.0,1.0,1.0,1.0,1,21.875,50.0,175.0,8.0
HH Gibbs,886,837,1031.0,36,24.61111111111111,105.8542413381123,28.63888888888889,79.0,1031.0,36,0.0,0.0,0.0,0.0
HH Pandya,2904,2073,3435.0,148,19.62162162162162,140.08683068017368,23.20945945945946,115.0,3435.0,148,19.130434782608695,125.0,2200.0,115.0
HM Amla,577,418,679.0,16,36.0625,138.03827751196172,42.4375,124.0,679.0,16,0.0,0.0,0.0,0.0
HR Shokeen,66,67,75.0,5,13.2,98.50746268656717,15.0,28.0,75.0,5,9.615384615384615,50.0,125.0,13.0
HV Patel,280,250,328.0,44,6.363636363636363,112.00000000000001,7.454545454545454,45.0,328.0,44,35.0,150.0,4200.0,120.0
Harbhajan Singh,833,636,996.0,88,9.465909090909092,130.9748427672956,11.318181818181818,81.0,996.0,88,25.15625,125.0,4025.0,160.0
Harmeet Singh,18,12,21.0,4,4.5,150.0,5.25,17.0,21.0,4,27.678571428571427,75.0,775.0,28.0
Harpreet Brar,249,217,289.0,27,9.222222222222221,114.74654377880185,10.703703703703704,35.0,289.0,27,19.270833333333332,100.0,925.0,48.0
Harpreet Singh,123,119,139.0,8,15.375,103.36134453781514,17.375,49.0,139.0,8,0.0,0.0,0.0,0.0
Harsh Dubey,13,11,15.0,4,3.25,118.18181818181819,3.75,11.0,15.0,4,29.545454545454547,75.0,325.0,11.0
Harshit Rana,59,57,70.0,10,5.9,103.50877192982458,7.0,42.0,70.0,10,32.8125,75.0,1050.0,32.0
Himmat Singh,92,74,107.0,5,18.4,124.32432432432432,21.4,46.0,107.0,5,0.0,0.0,0.0,0.0
I Malhotra,7,4,8.0,1,7.0,175.0,8.0,8.0,8.0,1,0.0,0.0,0.0,1.0
I Sharma,57,71,65.0,21,2.7142857142857144,80.28169014084507,3.0952380952380953,13.0,65.0,21,21.367521367521366,125.0,2500.0,117.0
I Udana,15,11,18.0,4,3.75,136.36363636363635,4.5,12.0,18.0,4,20.0,50.0,200.0,10.0
IC Pandey,0,2,0.0,1,0.0,0.0,0.0,0.0,0.0,1,19.791666666666668,50.0,475.0,24.0
IK Pathan,1150,985,1314.0,82,14.024390243902438,116.75126903553299,16.024390243902438,73.0,1314.0,82,24.504950495049506,75.0,2475.0,101.0
IR Jaggi,76,100,82.0,7,10.857142857142858,76.0,11.714285714285714,31.0,82.0,7,0.0,0.0,0.0,0.0
IS Sodhi,7,18,7.0,2,3.5,38.88888888888889,3.5,6.0,7.0,2,28.125,75.0,225.0,8.0
Imran Tahir,33,37,38.0,8,4.125,89.1891891891892,4.75,15.0,38.0,8,36.440677966101696,100.0,2150.0,59.0
Iqbal Abdulla,88,86,99.0,13,6.769230769230769,102.32558139534885,7.615384615384615,38.0,99.0,13,23.4375,75.0,1125.0,48.0
Ishan Kishan,3488,2517,4145.0,125,27.904,138.5776718315455,33.16,129.0,4145.0,125,0.0,0.0,0.0,1.0
J Arunkumar,23,24,28.0,3,7.666666666666667,95.83333333333334,9.333333333333334,27.0,28.0,3,0.0,0.0,0.0,0.0
J Botha,409,364,458.0,28,14.607142857142858,112.36263736263736,16.357142857142858,77.0,458.0,28,19.852941176470587,75.0,675.0,34.0
J Fraser-McGurk,385,203,484.0,15,25.666666666666668,189.6551724137931,32.266666666666666,107.0,484.0,15,0.0,0.0,0.0,0.0
J Overton,151,98,179.0,8,18.875,154.08163265306123,22.375,49.0,179.0,8,26.923076923076923,100.0,350.0,13.0
J Suchith,70,62,82.0,9,7.777777777777778,112.90322580645163,9.11111111111111,42.0,82.0,9,23.80952380952381,50.0,500.0,21.0
J Syed Mohammad,29,27,33.0,5,5.8,107.40740740740742,6.6,15.0,33.0,5,22.727272727272727,50.0,250.0,11.0
J Theron,10,13,11.0,4,2.5,76.92307692307693,2.75,8.0,11.0,4,32.5,125.0,325.0,10.0
J Yadav,40,38,44.0,4,10.0,105.26315789473684,11.0,24.0,44.0,4,11.25,50.0,225.0,20.0
JA Morkel,975,712,1146.0,67,14.552238805970148,136.93820224719101,17.104477611940297,85.0,1146.0,67,27.586206896551722,100.0,2400.0,87.0
JA Richardson,17,27,19.0,3,5.666666666666667,62.96296296296296,6.333333333333333,17.0,19.0,3,18.75,50.0,75.0,4.0
JC Archer,283,208,335.0,37,7.648648648648648,136.05769230769232,9.054054054054054,36.0,335.0,37,31.923076923076923,100.0,2075.0,65.0
JC Buttler,4533,3136,5392.0,132,34.34090909090909,144.54719387755102,40.84848484848485,151.0,5392.0,132,0.0,0.0,0.0,0.0
JD Ryder,604,466,711.0,29,20.82758620689655,129.6137339055794,24.517241379310345,101.0,711.0,29,17.1875,75.0,275.0,16.0
JD Unadkat,201,173,231.0,28,7.178571428571429,116.18497109826589,8.25,31.0,231.0,28,27.17391304347826,125.0,3125.0,115.0
JDP Oram,106,110,122.0,11,9.636363636363637,96.36363636363636,11.090909090909092,49.0,122.0,11,23.214285714285715,75.0,325.0,14.0
JDS Neesham,92,93,102.0,10,9.2,98.9247311827957,10.2,24.0,102.0,10,15.384615384615385,75.0,200.0,13.0
JE Root,10,15,11.0,1,10.0,66.66666666666666,11.0,11.0,11.0,1,0.0,0.0,0.0,1.0
JE Taylor,3,4,3.0,2,1.5,75.0,1.5,2.0,3.0,2,30.0,75.0,150.0,5.0
JEC Franklin,327,309,370.0,16,20.4375,105.8252427184466,23.125,93.0,370.0,16,15.0,50.0,225.0,15.0
JG Bethell,163,120,196.0,9,18.11111111111111,135.83333333333334,21.77777777777778,67.0,196.0,9,0.0,0.0,0.0,0.0
JH Kallis,2427,2291,2770.0,95,25.54736842105263,105.93627237014405,29.157894736842106,107.0,2770.0,95,20.786516853932586,75.0,1850.0,89.0
JJ Bumrah,75,89,83.0,29,2.586206896551724,84.26966292134831,2.8620689655172415,18.0,83.0,29,32.961783439490446,125.0,5175.0,157.0
JJ Roy,614,460,731.0,21,29.238095238095237,133.47826086956522,34.80952380952381,109.0,731.0,21,0.0,0.0,0.0,0.0
JJ van der Wath,18,17,21.0,3,6.0,105.88235294117648,7.0,17.0,21.0,3,25.0,50.0,75.0,3.0
JL Denly,0,1,0.0,1,0.0,0.0,0.0,0.0,0.0,1,0.0,0.0,0.0,0.0
JL Pattinson,15,13,17.0,2,7.5,115.38461538461537,8.5,13.0,17.0,2,27.5,50.0,275.0,10.0
JM Bairstow,1674,1181,1995.0,52,32.19230769230769,141.7442845046571,38.36538461538461,140.0,1995.0,52,0.0,0.0,0.0,0.0
JM Kemp,26,25,29.0,2,13.0,104.0,14.5,25.0,29.0,2,15.0,75.0,75.0,5.0
JM Sharma,1081,733,1299.0,57,18.964912280701753,147.4761255115962,22.789473684210527,105.0,1299.0,57,0.0,0.0,0.0,0.0
JO Holder,317,264,374.0,32,9.90625,120.07575757575756,11.6875,57.0,374.0,32,33.9622641509434,100.0,1800.0,53.0
JP Behrendorff,6,9,6.0,2,3.0,66.66666666666666,3.0,3.0,6.0,2,32.35294117647059,100.0,550.0,17.0
JP Duminy,2029,1680,2313.0,75,27.053333333333335,120.77380952380952,30.84,93.0,2313.0,75,11.73469387755102,100.0,575.0,49.0
JP Faulkner,527,406,609.0,45,11.71111111111111,129.80295566502463,13.533333333333333,54.0,609.0,45,31.666666666666668,125.0,1900.0,60.0
JP Inglis,472,280,573.0,15,31.466666666666665,168.57142857142858,38.2,107.0,573.0,15,0.0,0.0,0.0,0.0
JPR Scantlebury-Searles,8,6,10.0,2,4.0,133.33333333333331,5.0,8.0,10.0,2,16.666666666666668,25.0,50.0,3.0
JR Hazlewood,19,31,20.0,8,2.375,61.29032258064516,2.5,8.0,20.0,8,35.714285714285715,100.0,1750.0,49.0
JR Hopes,417,314,488.0,19,21.94736842105263,132.80254777070064,25.68421052631579,87.0,488.0,19,17.5,50.0,350.0,20.0
JR Philippe,78,80,89.0,5,15.6,97.5,17.8,39.0,89.0,5,0.0,0.0,0.0,0.0
Jaskaran Singh,8,11,8.0,4,2.0,72.72727272727273,2.0,4.0,8.0,4,21.428571428571427,50.0,150.0,7.0
Joginder Sharma,36,30,41.0,5,7.2,120.0,8.2,19.0,41.0,5,21.666666666666668,50.0,325.0,15.0
K Goel,218,239,253.0,16,13.625,91.21338912133892,15.8125,47.0,253.0,16,0.0,0.0,0.0,6.0
K Gowtham,247,159,296.0,27,9.148148148148149,155.34591194968556,10.962962962962964,41.0,296.0,27,15.714285714285714,50.0,550.0,35.0
K Kartikeya,12,18,13.0,4,3.0,66.66666666666666,3.25,7.0,13.0,4,18.75,50.0,300.0,16.0
K Rabada,250,247,291.0,32,7.8125,101.21457489878543,9.09375,50.0,291.0,32,38.402061855670105,100.0,3725.0,97.0
K Upadhyay,12,9,14.0,2,6.0,133.33333333333331,7.0,13.0,14.0,2,0.0,0.0,0.0,3.0
K Yadav,0,4,0.0,1,0.0,0.0,0.0,0.0,0.0,1,16.666666666666668,25.0,50.0,3.0
KA Jamieson,77,74,91.0,10,7.7,104.05405405405406,9.1,19.0,91.0,10,26.666666666666668,75.0,400.0,15.0
KA Maharaj,1,2,1.0,1,1.0,50.0,1.0,1.0,1.0,1,25.0,50.0,50.0,2.0
KA Pollard,3437,2447,4106.0,168,20.458333333333332,140.45770331017573,24.44047619047619,109.0,4106.0,168,18.925233644859812,100.0,2025.0,107.0
KAJ Roach,10,9,11.0,1,10.0,111.11111111111111,11.0,11.0,11.0,1,0.0,0.0,0.0,2.0
KB Arun Karthik,51,53,57.0,8,6.375,96.22641509433963,7.125,22.0,57.0,8,0.0,0.0,0.0,0.0
KC Cariappa,24,21,28.0,5,4.8,114.28571428571428,5.6,14.0,28.0,5,18.181818181818183,50.0,200.0,11.0
KC Sangakkara,1687,1424,1936.0,68,24.808823529411764,118.4691011235955,28.470588235294116,109.0,1936.0,68,0.0,0.0,0.0,0.0
KD Karthik,4843,3687,5631.0,233,20.78540772532189,131.35340385136968,24.167381974248926,122.0,5631.0,233,0.0,0.0,0.0,0.0
KH Pandya,1897,1476,2208.0,120,15.808333333333334,128.52303523035232,18.4,105.0,2208.0,120,18.57638888888889,100.0,2675.0,144.0
KJ Abbott,13,8,15.0,3,4.333333333333333,162.5,5.0,14.0,15.0,3,10.0,25.0,50.0,5.0
KK Ahmed,2,9,2.0,6,0.3333333333333333,22.22222222222222,0.3333333333333333,1.0,2.0,6,31.57894736842105,75.0,2400.0,76.0
KK Cooper,116,70,141.0,12,9.666666666666666,165.71428571428572,11.75,40.0,141.0,12,36.0,100.0,900.0,25.0
KK Nair,1712,1332,1998.0,78,21.94871794871795,128.5285285285285,25.615384615384617,111.0,1998.0,78,0.0,0.0,0.0,0.0
KL Nagarkoti,22,34,23.0,7,3.142857142857143,64.70588235294117,3.2857142857142856,9.0,23.0,7,11.363636363636363,50.0,125.0,11.0
KL Rahul,5768,4270,6742.0,148,38.972972972972975,135.08196721311475,45.554054054054056,186.0,6742.0,148,0.0,0.0,0.0,0.0
KM Asif,0,2,0.0,1,0.0,0.0,0.0,0.0,0.0,1,25.0,50.0,175.0,7.0
KM Jadhav,1208,1012,1390.0,81,14.91358024691358,119.36758893280633,17.160493827160494,84.0,1390.0,81,0.0,0.0,0.0,0.0
KMA Paul,18,26,21.0,5,3.6,69.23076923076923,4.2,9.0,21.0,5,31.25,100.0,250.0,8.0
KMDN Kulasekara,5,3,6.0,1,5.0,166.66666666666669,6.0,6.0,6.0,1,30.0,50.0,150.0,5.0
KP Appanna,2,4,2.0,3,0.6666666666666666,50.0,0.6666666666666666,1.0,2.0,3,21.153846153846153,100.0,275.0,13.0
KP Pietersen,1001,758,1172.0,36,27.805555555555557,132.05804749340368,32.55555555555556,127.0,1172.0,36,17.307692307692307,50.0,225.0,13.0
KR Mayers,379,276,461.0,13,29.153846153846153,137.31884057971016,35.46153846153846,89.0,461.0,13,0.0,0.0,0.0,6.0
KR Sen,0,3,0.0,1,0.0,0.0,0.0,0.0,0.0,1,29.166666666666668,100.0,350.0,12.0
KS Bharat,199,168,227.0,8,24.875,118.45238095238095,28.375,89.0,227.0,8,0.0,0.0,0.0,0.0
KS Rathore,0,5,0.0,1,0.0,0.0,0.0,0.0,0.0,1,0.0,0.0,0.0,0.0
KS Sharma,16,25,17.0,3,5.333333333333333,64.0,5.666666666666667,9.0,17.0,3,0.0,0.0,0.0,0.0
KS Williamson,2132,1734,2447.0,76,28.05263157894737,122.95271049596307,32.19736842105263,105.0,2447.0,76,0.0,0.0,0.0,2.0
KT Maphaka,8,3,10.0,1,8.0,266.66666666666663,10.0,10.0,10.0,1,12.5,25.0,50.0,4.0
KV Sharma,352,307,406.0,40,8.8,114.65798045602607,10.15,44.0,406.0,40,25.57471264367816,125.0,2225.0,87.0
KW Richardson,36,39,40.0,4,9.0,92.3076923076923,10.0,30.0,40.0,4,35.0,100.0,525.0,15.0
Kamran Akmal,128,78,157.0,6,21.333333333333332,164.1025641025641,26.166666666666668,63.0,157.0,6,0.0,0.0,0.0,0.0
Kamran Khan,3,5,3.0,1,3.0,60.0,3.0,3.0,3.0,1,38.888888888888886,125.0,350.0,9.0
Karanveer Singh,12,17,13.0,4,3.0,70.58823529411765,3.25,6.0,13.0,4,38.888888888888886,100.0,350.0,9.0
Kartik Sharma,276,205,329.0,10,27.6,134.63414634146343,32.9,87.0,329.0,10,0.0,0.0,0.0,0.0
Kartik Tyagi,24,25,28.0,8,3.0,96.0,3.5,8.0,28.0,8,26.612903225806452,75.0,825.0,31.0
Krish Bhagat,10,21,10.0,2,5.0,47.61904761904761,5.0,7.0,10.0,2,0.0,0.0,0.0,3.0
Kuldeep Yadav,210,263,234.0,41,5.121951219512195,79.84790874524715,5.7073170731707314,42.0,234.0,41,26.650943396226417,100.0,2825.0,106.0
Kumar Kushagra,21,21,24.0,4,5.25,100.0,6.0,21.0,24.0,4,0.0,0.0,0.0,0.0
L Ablish,0,2,0.0,1,0.0,0.0,0.0,0.0,0.0,1,41.666666666666664,75.0,125.0,3.0
L Balaji,36,50,40.0,13,2.769230769230769,72.0,3.076923076923077,18.0,40.0,13,29.10958904109589,125.0,2125.0,73.0
L Ngidi,4,9,4.0,4,1.0,44.44444444444444,1.0,3.0,4.0,4,41.34615384615385,100.0,1075.0,26.0
L Ronchi,34,37,42.0,5,6.8,91.8918918918919,8.4,16.0,42.0,5,0.0,0.0,0.0,0.0
L Wood,9,3,11.0,1,9.0,300.0,11.0,11.0,11.0,1,12.5,25.0,25.0,2.0
LA Carseldine,81,71,92.0,5,16.2,114.08450704225352,18.4,45.0,92.0,5,25.0,25.0,25.0,1.0
LA Pomersbach,302,251,353.0,16,18.875,120.3187250996016,22.0625,95.0,353.0,16,0.0,0.0,0.0,0.0
LB Williams,1,2,1.0,1,1.0,50.0,1.0,1.0,1.0,1,12.5,25.0,25.0,2.0
LE Plunkett,1,3,1.0,2,0.5,33.33333333333333,0.5,1.0,1.0,2,14.285714285714286,75.0,100.0,7.0
LG Pretorius,7,8,7.0,2,3.5,87.5,3.5,7.0,7.0,2,0.0,0.0,0.0,0.0
LH Ferguson,72,49,83.0,8,9.0,146.9387755102041,10.375,29.0,83.0,8,30.76923076923077,125.0,1600.0,52.0
LJ Wright,106,63,128.0,5,21.2,168.25396825396825,25.6,53.0,128.0,5,8.333333333333334,25.0,50.0,6.0
LMP Simmons,1079,878,1276.0,29,37.206896551724135,122.89293849658314,44.0,118.0,1276.0,29,25.0,25.0,25.0,1.0
LPC Silva,40,27,47.0,3,13.333333333333334,148.14814814814815,15.666666666666666,27.0,47.0,3,0.0,0.0,0.0,1.0
LR Shukla,405,358,470.0,33,12.272727272727273,113.12849162011173,14.242424242424242,55.0,470.0,33,15.74074074074074,75.0,425.0,27.0
LRPL Taylor,1017,847,1175.0,54,18.833333333333332,120.07083825265643,21.75925925925926,98.0,1175.0,54,0.0,0.0,0.0,2.0
LS Livingstone,1066,725,1288.0,49,21.755102040816325,147.0344827586207,26.285714285714285,117.0,1288.0,49,12.037037037037036,75.0,325.0,27.0
Lalit Yadav,305,301,346.0,21,14.523809523809524,101.32890365448506,16.476190476190474,56.0,346.0,21,14.473684210526315,50.0,275.0,19.0
Liton Das,4,4,5.0,1,4.0,100.0,5.0,5.0,5.0,1,0.0,0.0,0.0,0.0
M Ashwin,35,50,39.0,12,2.9166666666666665,70.0,3.25,10.0,39.0,12,19.886363636363637,75.0,875.0,44.0
M Jansen,192,186,219.0,25,7.68,103.2258064516129,8.76,40.0,219.0,25,24.456521739130434,75.0,1125.0,46.0
M Kaif,259,258,293.0,22,11.772727272727273,100.3875968992248,13.318181818181818,42.0,293.0,22,0.0,0.0,0.0,0.0
M Kartik,113,109,122.0,14,8.071428571428571,103.6697247706422,8.714285714285714,23.0,122.0,14,17.727272727272727,100.0,975.0,55.0
M Klinger,73,78,82.0,4,18.25,93.58974358974359,20.5,32.0,82.0,4,0.0,0.0,0.0,0.0
M Manhas,514,486,577.0,38,13.526315789473685,105.76131687242798,15.18421052631579,47.0,577.0,38,0.0,0.0,0.0,3.0
M Markande,48,44,55.0,10,4.8,109.09090909090908,5.5,22.0,55.0,10,23.125,100.0,925.0,40.0
M Morkel,126,93,147.0,20,6.3,135.48387096774192,7.35,28.0,147.0,20,31.428571428571427,100.0,2200.0,70.0
M Muralitharan,20,30,21.0,9,2.2222222222222223,66.66666666666666,2.3333333333333335,6.0,21.0,9,25.37878787878788,100.0,1675.0,66.0
M Ntini,11,19,13.0,2,5.5,57.89473684210527,6.5,13.0,13.0,2,22.22222222222222,100.0,200.0,9.0
M Prasidh Krishna,9,24,9.0,7,1.2857142857142858,37.5,1.2857142857142858,4.0,9.0,7,32.432432432432435,125.0,2400.0,74.0
M Rawat,55,70,61.0,11,5.0,78.57142857142857,5.545454545454546,27.0,61.0,11,0.0,0.0,0.0,0.0
M Shahrukh Khan,775,551,928.0,53,14.622641509433961,140.65335753176043,17.50943396226415,71.0,928.0,53,8.333333333333334,25.0,25.0,3.0
M Theekshana,17,34,19.0,6,2.8333333333333335,50.0,3.1666666666666665,9.0,19.0,6,23.68421052631579,100.0,900.0,38.0
M Tiwari,21,12,25.0,2,10.5,175.0,12.5,22.0,25.0,2,33.333333333333336,50.0,100.0,3.0
M Vijay,2619,2208,3048.0,105,24.942857142857143,118.61413043478262,29.02857142857143,157.0,3048.0,105,0.0,0.0,0.0,4.0
M Vohra,1083,863,1273.0,51,21.235294117647058,125.49246813441484,24.96078431372549,114.0,1273.0,51,0.0,0.0,0.0,0.0
M de Lange,1,2,1.0,1,1.0,50.0,1.0,1.0,1.0,1,30.0,75.0,150.0,5.0
MA Agarwal,2764,2146,3239.0,125,22.112,128.7977632805219,25.912,130.0,3239.0,125,0.0,0.0,0.0,0.0
MA Khote,24,22,28.0,3,8.0,109.09090909090908,9.333333333333334,11.0,28.0,3,25.0,50.0,50.0,2.0
MA Starc,111,122,122.0,22,5.045454545454546,90.98360655737704,5.545454545454546,33.0,122.0,22,40.0,150.0,2200.0,55.0
MA Wood,12,10,15.0,3,4.0,120.0,5.0,13.0,15.0,3,55.0,125.0,275.0,5.0
MC Henriques,1000,801,1143.0,54,18.51851851851852,124.84394506866417,21.166666666666668,85.0,1143.0,54,19.166666666666668,75.0,1150.0,60.0
MC Juneja,125,134,138.0,7,17.857142857142858,93.28358208955224,19.714285714285715,55.0,138.0,7,0.0,0.0,0.0,0.0
MD Choudhary,169,119,204.0,9,18.77777777777778,142.01680672268907,22.666666666666668,70.0,204.0,9,0.0,0.0,0.0,0.0
MD Mishra,237,213,277.0,17,13.941176470588236,111.26760563380283,16.294117647058822,48.0,277.0,17,0.0,0.0,0.0,0.0
MD Shanaka,52,46,60.0,5,10.4,113.04347826086956,12.0,20.0,60.0,5,12.5,25.0,25.0,2.0
MDKJ Perera,14,13,17.0,2,7.0,107.6923076923077,8.5,17.0,17.0,2,0.0,0.0,0.0,0.0
MEK Hussey,1977,1648,2279.0,58,34.08620689655172,119.96359223300972,39.293103448275865,142.0,2279.0,58,0.0,0.0,0.0,0.0
MF Maharoof,177,124,207.0,14,12.642857142857142,142.74193548387098,14.785714285714286,49.0,207.0,14,41.25,100.0,825.0,20.0
MG Bracewell,58,49,66.0,4,14.5,118.36734693877551,16.5,31.0,66.0,4,30.0,50.0,150.0,5.0
MG Johnson,167,168,191.0,28,5.964285714285714,99.40476190476191,6.821428571428571,19.0,191.0,28,30.555555555555557,100.0,1650.0,54.0
MJ Clarke,98,96,110.0,6,16.333333333333332,102.08333333333333,18.333333333333332,48.0,110.0,6,15.0,25.0,75.0,5.0
MJ Guptill,271,197,325.0,13,20.846153846153847,137.56345177664974,25.0,62.0,325.0,13,0.0,0.0,0.0,0.0
MJ Henry,7,10,8.0,2,3.5,70.0,4.0,6.0,8.0,2,13.88888888888889,50.0,125.0,9.0
MJ Lumb,278,198,335.0,12,23.166666666666668,140.4040404040404,27.916666666666668,103.0,335.0,12,0.0,0.0,0.0,0.0
MJ McClenaghan,85,73,104.0,20,4.25,116.43835616438356,5.2,26.0,104.0,20,33.482142857142854,100.0,1875.0,56.0
MJ Owen,0,2,0.0,1,0.0,0.0,0.0,0.0,0.0,1,0.0,0.0,0.0,0.0
MJ Santner,136,132,157.0,21,6.476190476190476,103.03030303030303,7.476190476190476,26.0,157.0,21,22.142857142857142,75.0,775.0,35.0
MJ Suthar,1,2,1.0,1,1.0,50.0,1.0,1.0,1.0,1,12.5,25.0,50.0,4.0
MK Lomror,527,389,620.0,35,15.057142857142857,135.47557840616966,17.714285714285715,66.0,620.0,35,4.545454545454546,25.0,50.0,11.0
MK Pandey,3951,3355,4523.0,161,24.540372670807454,117.7645305514158,28.093167701863354,132.0,4523.0,161,0.0,0.0,0.0,0.0
MK Tiwary,1695,1489,1931.0,83,20.42168674698795,113.83478844862324,23.265060240963855,87.0,1931.0,83,4.166666666666667,25.0,25.0,6.0
ML Hayden,1107,839,1316.0,32,34.59375,131.94278903456495,41.125,116.0,1316.0,32,0.0,0.0,0.0,0.0
MM Ali,1167,865,1396.0,59,19.779661016949152,134.91329479768785,23.661016949152543,112.0,1396.0,59,20.17543859649123,100.0,1150.0,57.0
MM Patel,39,41,44.0,12,3.25,95.1219512195122,3.6666666666666665,28.0,44.0,12,32.53968253968254,125.0,2050.0,63.0
MM Sharma,125,140,142.0,30,4.166666666666667,89.28571428571429,4.733333333333333,26.0,142.0,30,31.30252100840336,125.0,3725.0,119.0
MN Samuels,161,174,184.0,14,11.5,92.52873563218391,13.142857142857142,54.0,184.0,14,22.727272727272727,75.0,250.0,11.0
MN van Wyk,167,135,188.0,5,33.4,123.7037037037037,37.6,85.0,188.0,5,0.0,0.0,0.0,0.0
MP Breetzke,14,12,17.0,1,14.0,116.66666666666667,17.0,17.0,17.0,1,0.0,0.0,0.0,0.0
MP Stoinis,2242,1588,2657.0,108,20.75925925925926,141.18387909319898,24.60185185185185,149.0,2657.0,108,16.0,100.0,1200.0,75.0
MP Yadav,5,6,6.0,1,5.0,83.33333333333334,6.0,6.0,6.0,1,25.0,100.0,250.0,10.0
MR Marsh,1855,1291,2232.0,62,29.919354838709676,143.68706429124708,36.0,143.0,2232.0,62,27.205882352941178,100.0,925.0,34.0
MS Bhandage,1,4,1.0,1,1.0,25.0,1.0,1.0,1.0,1,0.0,0.0,0.0,0.0
MS Bisla,798,737,937.0,39,20.46153846153846,108.27679782903662,24.025641025641026,110.0,937.0,39,0.0,0.0,0.0,0.0
MS Dhoni,5439,4101,6342.0,241,22.568464730290458,132.626188734455,26.315352697095435,103.0,6342.0,241,0.0,0.0,0.0,0.0
MS Gony,99,76,121.0,15,6.6,130.26315789473685,8.066666666666666,52.0,121.0,15,22.15909090909091,75.0,975.0,44.0
MS Wade,183,185,210.0,14,13.071428571428571,98.91891891891892,15.0,41.0,210.0,14,0.0,0.0,0.0,0.0
MV Boucher,394,318,452.0,23,17.130434782608695,123.89937106918238,19.652173913043477,57.0,452.0,23,0.0,0.0,0.0,0.0
MW Short,153,138,179.0,8,19.125,110.86956521739131,22.375,44.0,179.0,8,0.0,0.0,0.0,5.0
Mandeep Singh,1706,1418,1958.0,97,17.587628865979383,120.31029619181946,20.185567010309278,89.0,1958.0,97,0.0,0.0,0.0,2.0
Mashrafe Mortaza,2,2,2.0,1,2.0,100.0,2.0,2.0,2.0,1,25.0,25.0,25.0,1.0
Mayank Dagar,0,1,0.0,1,0.0,0.0,0.0,0.0,0.0,1,6.25,25.0,50.0,8.0
Misbah-ul-Haq,117,82,139.0,8,14.625,142.6829268292683,17.375,57.0,139.0,8,0.0,0.0,0.0,0.0
Mohammad Ashraful,2,12,2.0,1,2.0,16.666666666666664,2.0,2.0,2.0,1,0.0,0.0,0.0,0.0
Mohammad Asif,3,6,3.0,2,1.5,50.0,1.5,3.0,3.0,2,28.125,50.0,225.0,8.0
Mohammad Hafeez,64,84,75.0,8,8.0,76.19047619047619,9.375,17.0,75.0,8,12.5,25.0,50.0,4.0
Mohammad Nabi,221,157,263.0,19,11.631578947368421,140.76433121019107,13.842105263157896,45.0,263.0,19,16.304347826086957,100.0,375.0,23.0
Mohammed Shami,115,116,134.0,34,3.3823529411764706,99.13793103448276,3.9411764705882355,26.0,134.0,34,30.53435114503817,100.0,4000.0,131.0
Mohammed Siraj,112,131,130.0,22,5.090909090909091,85.49618320610686,5.909090909090909,17.0,130.0,22,26.239669421487605,100.0,3175.0,121.0
Mohit Rathee,1,2,1.0,1,1.0,50.0,1.0,1.0,1.0,1,0.0,0.0,0.0,1.0
Mohsin Khan,25,31,29.0,7,3.5714285714285716,80.64516129032258,4.142857142857143,16.0,29.0,7,32.758620689655174,125.0,950.0,29.0
Mujeeb Ur Rahman,12,15,14.0,6,2.0,80.0,2.3333333333333335,12.0,14.0,6,26.25,75.0,525.0,20.0
Mukesh Choudhary,6,6,7.0,2,3.0,100.0,3.5,5.0,7.0,2,27.17391304347826,100.0,625.0,23.0
Mukesh Kumar,10,20,10.0,5,2.0,50.0,2.0,6.0,10.0,5,30.952380952380953,100.0,1300.0,42.0
Musheer Khan,0,3,0.0,1,0.0,0.0,0.0,0.0,0.0,1,25.0,25.0,25.0,1.0
Mustafizur Rahman,13,24,15.0,7,1.8571428571428572,54.166666666666664,2.142857142857143,10.0,15.0,7,30.833333333333332,100.0,1850.0,60.0
N Burger,3,5,3.0,1,3.0,60.0,3.0,3.0,3.0,1,26.666666666666668,50.0,400.0,15.0
N Jagadeesan,162,155,187.0,10,16.2,104.51612903225806,18.7,44.0,187.0,10,0.0,0.0,0.0,0.0
N Pooran,2525,1622,3066.0,99,25.505050505050505,155.67200986436498,30.96969696969697,110.0,3066.0,99,0.0,0.0,0.0,0.0
N Rana,3078,2314,3668.0,121,25.43801652892562,133.01642178046674,30.31404958677686,110.0,3668.0,121,10.185185185185185,50.0,275.0,27.0
N Saini,140,143,156.0,10,14.0,97.9020979020979,15.6,55.0,156.0,10,0.0,0.0,0.0,0.0
N Sindhu,38,30,45.0,3,12.666666666666666,126.66666666666666,15.0,27.0,45.0,3,0.0,0.0,0.0,0.0
N Wadhera,784,583,934.0,37,21.18918918918919,134.47684391080617,25.243243243243242,85.0,934.0,37,0.0,0.0,0.0,2.0
ND Doshi,0,13,0.0,1,0.0,0.0,0.0,0.0,0.0,1,12.5,25.0,50.0,4.0
NJ Maddinson,20,21,24.0,3,6.666666666666667,95.23809523809523,8.0,14.0,24.0,3,0.0,0.0,0.0,0.0
NJ Rimmington,1,1,1.0,1,1.0,100.0,1.0,1.0,1.0,1,0.0,0.0,0.0,1.0
NK Patel,121,124,137.0,6,20.166666666666668,97.58064516129032,22.833333333333332,67.0,137.0,6,0.0,0.0,0.0,0.0
NL McCullum,26,23,28.0,2,13.0,113.04347826086956,14.0,15.0,28.0,2,0.0,0.0,0.0,2.0
NLTC Perera,424,326,499.0,30,14.133333333333333,130.06134969325154,16.633333333333333,49.0,499.0,30,25.694444444444443,75.0,925.0,36.0
NM Coulter-Nile,82,75,97.0,16,5.125,109.33333333333333,6.0625,28.0,97.0,16,34.21052631578947,100.0,1300.0,38.0
NS Naik,31,53,33.0,4,7.75,58.490566037735846,8.25,23.0,33.0,4,0.0,0.0,0.0,0.0
NT Ellis,19,26,21.0,5,3.8,73.07692307692307,4.2,14.0,21.0,5,29.41176470588235,100.0,500.0,17.0
NV Ojha,1554,1360,1833.0,94,16.53191489361702,114.26470588235293,19.5,114.0,1833.0,94,0.0,0.0,0.0,0.0
Naman Dhir,704,436,843.0,31,22.70967741935484,161.4678899082569,27.193548387096776,76.0,843.0,31,5.0,25.0,25.0,5.0
Navdeep Saini,33,38,36.0,7,4.714285714285714,86.8421052631579,5.142857142857143,13.0,36.0,7,20.3125,75.0,650.0,32.0
Naveen-ul-Haq,18,26,20.0,4,4.5,69.23076923076923,5.0,15.0,20.0,4,38.23529411764706,100.0,650.0,17.0
Nithish Kumar Reddy,720,530,848.0,33,21.818181818181817,135.8490566037736,25.696969696969695,95.0,848.0,33,15.625,75.0,375.0,24.0
Noor Ahmad,30,54,34.0,14,2.142857142857143,55.55555555555556,2.4285714285714284,10.0,34.0,14,31.0,100.0,1550.0,50.0
OA Shah,506,405,586.0,22,23.0,124.93827160493827,26.636363636363637,91.0,586.0,22,0.0,0.0,0.0,0.0
OC McCoy,8,5,10.0,1,8.0,160.0,10.0,10.0,10.0,1,34.375,75.0,275.0,8.0
OF Smith,51,50,62.0,6,8.5,102.0,10.333333333333334,32.0,62.0,6,29.166666666666668,100.0,175.0,6.0
P Awana,5,14,5.0,5,1.0,35.714285714285715,1.0,4.0,5.0,5,32.57575757575758,100.0,1075.0,33.0
P Chopra,8,6,10.0,1,8.0,133.33333333333331,10.0,10.0,10.0,1,0.0,0.0,0.0,0.0
P Dogra,127,141,141.0,12,10.583333333333334,90.0709219858156,11.75,47.0,141.0,12,0.0,0.0,0.0,0.0
P Dubey,23,33,25.0,2,11.5,69.6969696969697,12.5,18.0,25.0,2,10.0,25.0,50.0,5.0
P Kumar,340,323,396.0,57,5.964912280701754,105.26315789473684,6.947368421052632,42.0,396.0,57,21.428571428571427,75.0,2550.0,119.0
P Negi,365,301,424.0,35,10.428571428571429,121.26245847176081,12.114285714285714,42.0,424.0,35,22.61904761904762,100.0,950.0,42.0
P Nissanka,278,180,335.0,10,27.8,154.44444444444446,33.5,74.0,335.0,10,0.0,0.0,0.0,0.0
P Parameswaran,1,3,1.0,2,0.5,33.33333333333333,0.5,1.0,1.0,2,28.125,75.0,225.0,8.0
P Ray Barman,19,25,21.0,1,19.0,76.0,21.0,21.0,21.0,1,0.0,0.0,0.0,1.0
P Sahu,19,13,22.0,2,9.5,146.15384615384613,11.0,21.0,22.0,2,15.0,50.0,75.0,5.0
P Simran Singh,1796,1181,2169.0,64,28.0625,152.07451312447077,33.890625,125.0,2169.0,64,0.0,0.0,0.0,0.0
PA Patel,2848,2442,3311.0,136,20.941176470588236,116.62571662571663,24.345588235294116,95.0,3311.0,136,0.0,0.0,0.0,0.0
PA Reddy,164,167,183.0,10,16.4,98.20359281437125,18.3,48.0,183.0,10,0.0,0.0,0.0,0.0
PBB Rajapaksa,277,201,329.0,13,21.307692307692307,137.81094527363186,25.307692307692307,59.0,329.0,13,0.0,0.0,0.0,0.0
PC Valthaty,505,432,606.0,23,21.956521739130434,116.89814814814814,26.347826086956523,143.0,606.0,23,17.5,100.0,175.0,10.0
PD Collingwood,203,159,238.0,7,29.0,127.67295597484276,34.0,92.0,238.0,7,20.833333333333332,50.0,125.0,6.0
PD Salt,1258,746,1530.0,40,31.45,168.63270777479892,38.25,109.0,1530.0,40,0.0,0.0,0.0,0.0
PHKD Mendis,92,72,103.0,5,18.4,127.77777777777777,20.6,35.0,103.0,5,12.5,25.0,50.0,4.0
PJ Cummins,641,434,769.0,50,12.82,147.69585253456222,15.38,82.0,769.0,50,28.846153846153847,100.0,2250.0,78.0
PJ Sangwan,26,47,27.0,14,1.8571428571428572,55.319148936170215,1.9285714285714286,6.0,27.0,14,26.19047619047619,75.0,1100.0,42.0
PK Garg,273,247,307.0,19,14.368421052631579,110.5263157894737,16.157894736842106,59.0,307.0,19,0.0,0.0,0.0,0.0
PM Sarvesh Kumar,1,2,1.0,1,1.0,50.0,1.0,1.0,1.0,1,12.5,25.0,25.0,2.0
PN Mankad,97,75,114.0,5,19.4,129.33333333333331,22.8,75.0,114.0,5,0.0,0.0,0.0,0.0
PP Chawla,624,580,720.0,86,7.255813953488372,107.58620689655172,8.372093023255815,28.0,720.0,86,26.308900523560208,100.0,5025.0,191.0
PP Hinge,3,9,3.0,2,1.5,33.33333333333333,1.5,3.0,3.0,2,45.833333333333336,100.0,275.0,6.0
PP Ojha,16,45,16.0,19,0.8421052631578947,35.55555555555556,0.8421052631578947,3.0,16.0,19,27.5,100.0,2475.0,90.0
PP Shaw,1892,1321,2252.0,79,23.949367088607595,143.22482967448903,28.50632911392405,117.0,2252.0,79,0.0,0.0,0.0,0.0
PR Shah,92,97,105.0,9,10.222222222222221,94.84536082474226,11.666666666666666,36.0,105.0,9,0.0,0.0,0.0,0.0
PR Veer,90,72,106.0,5,18.0,125.0,21.2,51.0,106.0,5,0.0,0.0,0.0,1.0
PSP Handscomb,6,12,6.0,1,6.0,50.0,6.0,6.0,6.0,1,0.0,0.0,0.0,0.0
PV Tambe,18,39,19.0,6,3.0,46.15384615384615,3.1666666666666665,8.0,19.0,6,21.21212121212121,100.0,700.0,33.0
PVD Chameera,53,49,62.0,11,4.818181818181818,108.16326530612245,5.636363636363637,21.0,62.0,11,18.75,75.0,375.0,20.0
PVSN Raju,1,1,1.0,1,1.0,100.0,1.0,1.0,1.0,1,25.0,50.0,50.0,2.0
PWA Mulder,9,12,10.0,1,9.0,75.0,10.0,10.0,10.0,1,0.0,0.0,0.0,1.0
PWH de Silva,81,95,90.0,19,4.2631578947368425,85.26315789473684,4.7368421052631575,20.0,90.0,19,31.756756756756758,125.0,1175.0,37.0
Pankaj Singh,7,12,7.0,5,1.4,58.333333333333336,1.4,4.0,7.0,5,16.176470588235293,50.0,275.0,17.0
Parvez Rasool,17,20,18.0,4,4.25,85.0,4.5,11.0,18.0,4,9.090909090909092,25.0,100.0,11.0
Prince Yadav,5,12,5.0,3,1.6666666666666667,41.66666666666667,1.6666666666666667,4.0,5.0,3,32.89473684210526,75.0,625.0,19.0
Priyansh Arya,909,490,1122.0,30,30.3,185.51020408163265,37.4,128.0,1122.0,30,0.0,0.0,0.0,0.0
Q de Kock,3444,2618,4064.0,118,29.1864406779661,131.55080213903742,34.440677966101696,170.0,4064.0,118,0.0,0.0,0.0,0.0
R Ashwin,833,728,955.0,93,8.956989247311828,114.42307692307692,10.268817204301076,58.0,955.0,93,23.617511520737327,125.0,5125.0,217.0
R Bhatia,342,290,392.0,47,7.276595744680851,117.9310344827586,8.340425531914894,28.0,392.0,47,22.52747252747253,100.0,2050.0,91.0
R Bishnoi,19,17,24.0,3,6.333333333333333,111.76470588235294,8.0,23.0,24.0,3,0.0,0.0,0.0,0.0
R Dhawan,210,188,242.0,22,9.545454545454545,111.70212765957446,11.0,30.0,242.0,22,18.75,50.0,675.0,36.0
R Dravid,2174,1918,2499.0,82,26.51219512195122,113.34723670490095,30.475609756097562,93.0,2499.0,82,0.0,0.0,0.0,0.0
R McLaren,159,178,175.0,13,12.23076923076923,89.32584269662921,13.461538461538462,59.0,175.0,13,19.444444444444443,75.0,350.0,18.0
R Minz,12,20,13.0,4,3.0,60.0,3.25,6.0,13.0,4,0.0,0.0,0.0,0.0
R Ninan,3,6,3.0,1,3.0,50.0,3.0,3.0,3.0,1,37.5,50.0,75.0,2.0
R Parag,1828,1333,2167.0,83,22.02409638554217,137.13428357089273,26.10843373493976,117.0,2167.0,83,8.088235294117647,25.0,275.0,34.0
R Powell,486,357,587.0,28,17.357142857142858,136.1344537815126,20.964285714285715,82.0,587.0,28,12.5,25.0,25.0,2.0
R Rampaul,51,52,58.0,7,7.285714285714286,98.07692307692307,8.285714285714286,26.0,58.0,7,35.416666666666664,75.0,425.0,12.0
R Ravindra,413,298,485.0,18,22.944444444444443,138.59060402684565,26.944444444444443,75.0,485.0,18,0.0,0.0,0.0,2.0
R Sai Kishore,18,16,22.0,4,4.5,112.5,5.5,17.0,22.0,4,30.555555555555557,100.0,825.0,27.0
R Sanjay Yadav,0,2,0.0,1,0.0,0.0,0.0,0.0,0.0,1,0.0,0.0,0.0,1.0
R Sathish,270,236,304.0,24,11.25,114.40677966101696,12.666666666666666,31.0,304.0,24,10.714285714285714,50.0,150.0,14.0
R Sharma,66,77,77.0,19,3.473684210526316,85.71428571428571,4.052631578947368,16.0,77.0,19,23.863636363636363,75.0,1050.0,44.0
R Shepherd,268,161,330.0,19,14.105263157894736,166.45962732919256,17.36842105263158,69.0,330.0,19,18.26923076923077,75.0,475.0,26.0
R Shukla,19,23,21.0,4,4.75,82.6086956521739,5.25,16.0,21.0,4,25.0,50.0,175.0,7.0
R Smaran,18,21,21.0,3,6.0,85.71428571428571,7.0,10.0,21.0,3,0.0,0.0,0.0,0.0
R Tewatia,1210,933,1423.0,87,13.908045977011493,129.68917470525187,16.35632183908046,67.0,1423.0,87,17.307692307692307,75.0,900.0,52.0
R Vinay Kumar,310,289,349.0,42,7.380952380952381,107.26643598615917,8.30952380952381,30.0,349.0,42,30.528846153846153,125.0,3175.0,104.0
RA Bawa,35,32,37.0,4,8.75,109.375,9.25,17.0,37.0,4,25.0,25.0,50.0,2.0
RA Jadeja,3450,2759,3947.0,202,17.07920792079208,125.04530627038781,19.53960396039604,89.0,3947.0,202,19.978632478632477,125.0,4675.0,234.0
RA Tripathi,2291,1707,2690.0,98,23.377551020408163,134.21206795547744,27.448979591836736,116.0,2690.0,98,0.0,0.0,0.0,1.0
RD Chahar,129,127,152.0,22,5.863636363636363,101.5748031496063,6.909090909090909,29.0,152.0,22,24.050632911392405,100.0,1900.0,79.0
RD Gaikwad,2823,2147,3292.0,83,34.01204819277108,131.48579413134607,39.66265060240964,126.0,3292.0,83,0.0,0.0,0.0,0.0
RD Rickelton,818,498,1002.0,24,34.083333333333336,164.2570281124498,41.75,149.0,1002.0,24,0.0,0.0,0.0,0.0
RE Levi,83,74,101.0,6,13.833333333333334,112.16216216216218,16.833333333333332,62.0,101.0,6,0.0,0.0,0.0,0.0
RE van der Merwe,159,144,186.0,15,10.6,110.41666666666667,12.4,44.0,186.0,15,29.761904761904763,75.0,625.0,21.0
RG More,2,2,2.0,1,2.0,100.0,2.0,2.0,2.0,1,12.5,25.0,25.0,2.0
RG Sharma,7316,5642,8621.0,273,26.7985347985348,129.67032967032966,31.57875457875458,131.0,8621.0,273,12.5,100.0,400.0,32.0
RJ Gleeson,2,2,2.0,1,2.0,100.0,2.0,2.0,2.0,1,16.666666666666668,25.0,50.0,3.0
RJ Harris,117,112,129.0,21,5.571428571428571,104.46428571428572,6.142857142857143,18.0,129.0,21,31.756756756756758,100.0,1175.0,37.0
RJ Peterson,32,32,37.0,5,6.4,100.0,7.4,20.0,37.0,5,18.75,75.0,75.0,4.0
RJ Quiney,103,105,121.0,7,14.714285714285714,98.09523809523809,17.285714285714285,60.0,121.0,7,0.0,0.0,0.0,0.0
RJW Topley,3,6,3.0,1,3.0,50.0,3.0,3.0,3.0,1,20.833333333333332,50.0,125.0,6.0
RK Bhui,10,27,10.0,4,2.5,37.03703703703704,2.5,7.0,10.0,4,0.0,0.0,0.0,0.0
RK Singh,1389,999,1636.0,60,23.15,139.03903903903904,27.266666666666666,105.0,1636.0,60,0.0,0.0,0.0,0.0
RM Patidar,1448,948,1740.0,49,29.551020408163264,152.74261603375527,35.51020408163265,138.0,1740.0,49,0.0,0.0,0.0,0.0
RN ten Doeschate,326,238,382.0,21,15.523809523809524,136.9747899159664,18.19047619047619,82.0,382.0,21,7.5,25.0,75.0,10.0
RP Meredith,0,3,0.0,2,0.0,0.0,0.0,0.0,0.0,2,29.166666666666668,75.0,525.0,18.0
RP Singh,52,78,56.0,28,1.8571428571428572,66.66666666666666,2.0,13.0,56.0,28,30.48780487804878,125.0,2500.0,82.0
RR Bhatkal,0,2,0.0,1,0.0,0.0,0.0,0.0,0.0,1,0.0,0.0,0.0,1.0
RR Pant,3853,2717,4563.0,135,28.54074074074074,141.81082075818918,33.8,157.0,4563.0,135,0.0,0.0,0.0,0.0
RR Powar,67,64,75.0,9,7.444444444444445,104.6875,8.333333333333334,34.0,75.0,9,14.423076923076923,50.0,375.0,26.0
RR Raje,20,18,23.0,5,4.0,111.11111111111111,4.6,13.0,23.0,5,17.5,50.0,175.0,10.0
RR Rossouw,473,321,568.0,22,21.5,147.35202492211837,25.818181818181817,100.0,568.0,22,0.0,0.0,0.0,0.0
RR Sarwan,73,78,81.0,4,18.25,93.58974358974359,20.25,37.0,81.0,4,0.0,0.0,0.0,0.0
RS Bopara,531,468,602.0,22,24.136363636363637,113.46153846153845,27.363636363636363,98.0,602.0,22,23.214285714285715,75.0,325.0,14.0
RS Gavaskar,2,8,2.0,1,2.0,25.0,2.0,2.0,2.0,1,0.0,0.0,0.0,1.0
RS Sodhi,4,2,5.0,1,4.0,200.0,5.0,5.0,5.0,1,0.0,0.0,0.0,0.0
RT Ponting,91,129,100.0,9,10.11111111111111,70.54263565891473,11.11111111111111,31.0,100.0,9,0.0,0.0,0.0,0.0
RV Gomez,50,53,57.0,9,5.555555555555555,94.33962264150944,6.333333333333333,29.0,57.0,9,16.666666666666668,50.0,150.0,9.0
RV Patel,80,76,90.0,7,11.428571428571429,105.26315789473684,12.857142857142858,27.0,90.0,7,0.0,0.0,0.0,1.0
RV Uthappa,4954,3927,5799.0,197,25.14720812182741,126.15227909345556,29.436548223350254,110.0,5799.0,197,0.0,0.0,0.0,0.0
Rahmanullah Gurbaz,363,283,441.0,18,20.166666666666668,128.26855123674912,24.5,100.0,441.0,18,0.0,0.0,0.0,0.0
Ramandeep Singh,299,212,354.0,26,11.5,141.03773584905662,13.615384615384615,44.0,354.0,26,29.166666666666668,75.0,175.0,6.0
Rashid Khan,620,419,747.0,70,8.857142857142858,147.9713603818616,10.67142857142857,102.0,747.0,70,30.536912751677853,125.0,4550.0,149.0
Rasikh Salam,43,43,48.0,7,6.142857142857143,100.0,6.857142857142857,11.0,48.0,7,26.136363636363637,100.0,575.0,22.0
Ravi Bishnoi,45,71,51.0,18,2.5,63.38028169014085,2.8333333333333335,17.0,51.0,18,26.176470588235293,125.0,2225.0,85.0
Ravi Singh,4,2,5.0,1,4.0,200.0,5.0,5.0,5.0,1,0.0,0.0,0.0,0.0
S Anirudha,136,121,159.0,12,11.333333333333334,112.39669421487604,13.25,74.0,159.0,12,0.0,0.0,0.0,0.0
S Aravind,59,59,66.0,10,5.9,100.0,6.6,17.0,66.0,10,31.57894736842105,100.0,1200.0,38.0
S Arora,121,81,148.0,10,12.1,149.3827160493827,14.8,38.0,148.0,10,0.0,0.0,0.0,0.0
S Badree,13,25,13.0,5,2.6,52.0,2.6,8.0,13.0,5,22.916666666666668,100.0,275.0,12.0
S Badrinath,1441,1245,1651.0,65,22.16923076923077,115.74297188755021,25.4,82.0,1651.0,65,0.0,0.0,0.0,0.0
S Chanderpaul,25,33,29.0,3,8.333333333333334,75.75757575757575,9.666666666666666,19.0,29.0,3,0.0,0.0,0.0,0.0
S Dhawan,6769,5483,7843.0,221,30.6289592760181,123.45431333211745,35.48868778280543,124.0,7843.0,221,16.666666666666668,25.0,100.0,6.0
S Dube,2082,1536,2476.0,86,24.209302325581394,135.546875,28.790697674418606,116.0,2476.0,86,9.722222222222221,75.0,175.0,18.0
S Gopal,180,173,203.0,22,8.181818181818182,104.04624277456647,9.227272727272727,27.0,203.0,22,25.980392156862745,100.0,1325.0,51.0
S Kaul,20,36,21.0,9,2.2222222222222223,55.55555555555556,2.3333333333333335,8.0,21.0,9,28.636363636363637,100.0,1575.0,55.0
S Kaushik,0,1,0.0,1,0.0,0.0,0.0,0.0,0.0,1,15.0,75.0,150.0,10.0
S Ladda,0,10,0.0,2,0.0,0.0,0.0,0.0,0.0,2,13.88888888888889,50.0,125.0,9.0
S Lamichhane,0,1,0.0,1,0.0,0.0,0.0,0.0,0.0,1,38.888888888888886,75.0,350.0,9.0
S Nadeem,39,88,41.0,20,1.95,44.31818181818182,2.05,7.0,41.0,20,19.285714285714285,75.0,1350.0,70.0
S Narwal,37,29,43.0,4,9.25,127.58620689655173,10.75,27.0,43.0,4,25.0,100.0,150.0,6.0
S Rana,91,82,102.0,8,11.375,110.97560975609757,12.75,22.0,102.0,8,0.0,0.0,0.0,3.0
S Randiv,2,4,2.0,1,2.0,50.0,2.0,2.0,2.0,1,25.0,50.0,200.0,8.0
S Sohal,368,311,438.0,20,18.4,118.32797427652733,21.9,72.0,438.0,20,0.0,0.0,0.0,0.0
S Sreesanth,34,57,40.0,12,2.8333333333333335,59.64912280701754,3.3333333333333335,17.0,40.0,12,24.431818181818183,75.0,1075.0,44.0
S Sriram,31,38,34.0,2,15.5,81.57894736842105,17.0,30.0,34.0,2,0.0,0.0,0.0,2.0
S Tyagi,3,4,3.0,1,3.0,75.0,3.0,3.0,3.0,1,10.714285714285714,50.0,150.0,14.0
S Vidyut,145,115,172.0,8,18.125,126.08695652173914,21.5,63.0,172.0,8,25.0,25.0,25.0,1.0
SA Abbott,22,18,27.0,3,7.333333333333333,122.22222222222223,9.0,17.0,27.0,3,8.333333333333334,25.0,25.0,3.0
SA Asnodkar,423,352,499.0,19,22.263157894736842,120.17045454545455,26.263157894736842,72.0,499.0,19,0.0,0.0,0.0,0.0
SA Yadav,4506,3104,5329.0,162,27.814814814814813,145.16752577319588,32.89506172839506,126.0,5329.0,162,0.0,0.0,0.0,1.0
SB Bangar,49,58,56.0,7,7.0,84.48275862068965,8.0,21.0,56.0,7,16.666666666666668,50.0,150.0,9.0
SB Dubey,215,142,258.0,16,13.4375,151.40845070422534,16.125,43.0,258.0,16,0.0,0.0,0.0,0.0
SB Jakati,28,30,31.0,5,5.6,93.33333333333333,6.2,15.0,31.0,5,21.92982456140351,100.0,1250.0,57.0
SB Joshi,6,16,6.0,2,3.0,37.5,3.0,3.0,6.0,2,6.25,25.0,25.0,4.0
SB Styris,131,134,147.0,10,13.1,97.76119402985076,14.7,41.0,147.0,10,20.454545454545453,75.0,225.0,11.0
SB Wagh,2,3,2.0,2,1.0,66.66666666666666,1.0,2.0,2.0,2,15.625,75.0,125.0,8.0
SC Ganguly,1349,1326,1570.0,56,24.089285714285715,101.73453996983409,28.035714285714285,112.0,1570.0,56,15.0,75.0,300.0,20.0
SD Chitnis,99,92,113.0,8,12.375,107.6086956521739,14.125,45.0,113.0,8,25.0,50.0,50.0,2.0
SD Hope,183,125,219.0,9,20.333333333333332,146.4,24.333333333333332,51.0,219.0,9,0.0,0.0,0.0,0.0
SD Lad,15,13,18.0,1,15.0,115.38461538461537,18.0,18.0,18.0,1,0.0,0.0,0.0,0.0
SE Bond,1,2,1.0,1,1.0,50.0,1.0,1.0,1.0,1,28.125,50.0,225.0,8.0
SE Marsh,2489,1913,2914.0,69,36.072463768115945,130.10977522216413,42.231884057971016,140.0,2914.0,69,0.0,0.0,0.0,0.0
SE Rutherford,520,393,626.0,27,19.25925925925926,132.31552162849874,23.185185185185187,90.0,626.0,27,4.166666666666667,25.0,25.0,6.0
SH Johnson,8,11,9.0,5,1.6,72.72727272727273,1.8,6.0,9.0,5,13.636363636363637,50.0,150.0,11.0
SJ Srivastava,5,5,5.0,4,1.25,100.0,1.25,3.0,5.0,4,26.785714285714285,50.0,375.0,14.0
SK Raina,5536,4177,6450.0,200,27.68,132.53531242518554,32.25,119.0,6450.0,200,10.869565217391305,50.0,750.0,69.0
SK Rasheed,71,67,84.0,5,14.2,105.97014925373134,16.8,33.0,84.0,5,0.0,0.0,0.0,0.0
SK Trivedi,42,61,47.0,14,3.0,68.85245901639344,3.357142857142857,11.0,47.0,14,24.333333333333332,100.0,1825.0,75.0
SK Warne,198,219,224.0,27,7.333333333333333,90.41095890410958,8.296296296296296,37.0,224.0,27,27.77777777777778,100.0,1500.0,54.0
SL Malinga,88,103,104.0,20,4.4,85.43689320388349,5.2,20.0,104.0,20,38.52459016393443,125.0,4700.0,122.0
SM Curran,997,761,1164.0,53,18.81132075471698,131.011826544021,21.962264150943398,105.0,1164.0,53,25.0,100.0,1575.0,63.0
SM Harwood,9,14,9.0,2,4.5,64.28571428571429,4.5,6.0,9.0,2,25.0,50.0,75.0,3.0
SM Katich,241,191,283.0,11,21.90909090909091,126.17801047120419,25.727272727272727,88.0,283.0,11,0.0,0.0,0.0,0.0
SM Pollock,147,116,175.0,8,18.375,126.72413793103448,21.875,41.0,175.0,8,25.0,100.0,325.0,13.0
SMSM Senanayake,10,17,10.0,4,2.5,58.82352941176471,2.5,7.0,10.0,4,28.125,50.0,225.0,8.0
SN Khan,746,556,872.0,43,17.348837209302324,134.17266187050362,20.27906976744186,75.0,872.0,43,0.0,0.0,0.0,1.0
SN Thakur,339,264,396.0,42,8.071428571428571,128.4090909090909,9.428571428571429,83.0,396.0,42,28.935185185185187,100.0,3125.0,108.0
SO Hetmyer,1566,1110,1857.0,85,18.423529411764704,141.0810810810811,21.847058823529412,91.0,1857.0,85,0.0,0.0,0.0,0.0
SP Fleming,196,171,229.0,10,19.6,114.61988304093566,22.9,52.0,229.0,10,0.0,0.0,0.0,0.0
SP Goswami,293,307,331.0,21,13.952380952380953,95.43973941368078,15.761904761904763,61.0,331.0,21,0.0,0.0,0.0,0.0
SP Jackson,61,57,68.0,8,7.625,107.01754385964912,8.5,17.0,68.0,8,0.0,0.0,0.0,0.0
SP Narine,1820,1178,2251.0,122,14.918032786885245,154.49915110356537,18.450819672131146,134.0,2251.0,122,28.661616161616163,125.0,5675.0,198.0
SPD Smith,2495,1999,2841.0,93,26.827956989247312,124.81240620310155,30.548387096774192,119.0,2841.0,93,0.0,0.0,0.0,1.0
SR Tendulkar,2334,2044,2688.0,78,29.923076923076923,114.18786692759295,34.46153846153846,118.0,2688.0,78,0.0,0.0,0.0,4.0
SR Watson,3880,2892,4637.0,141,27.5177304964539,134.1632088520055,32.88652482269504,144.0,4637.0,141,25.476190476190474,100.0,2675.0,105.0
SS Cottrell,0,2,0.0,1,0.0,0.0,0.0,0.0,0.0,1,25.0,50.0,150.0,6.0
SS Iyer,4132,3159,4829.0,143,28.895104895104897,130.8008863564419,33.76923076923077,120.0,4829.0,143,0.0,0.0,0.0,1.0
SS Prabhudessai,126,113,145.0,10,12.6,111.50442477876106,14.5,41.0,145.0,10,0.0,0.0,0.0,0.0
SS Shaikh,6,7,7.0,1,6.0,85.71428571428571,7.0,7.0,7.0,1,0.0,0.0,0.0,0.0
SS Tiwary,1494,1291,1705.0,73,20.465753424657535,115.72424477149497,23.356164383561644,71.0,1705.0,73,0.0,0.0,0.0,0.0
ST Jayasuriya,768,573,930.0,30,25.6,134.03141361256544,31.0,145.0,930.0,30,19.047619047619047,100.0,400.0,21.0
STR Binny,880,700,1016.0,66,13.333333333333334,125.71428571428571,15.393939393939394,54.0,1016.0,66,11.11111111111111,75.0,700.0,63.0
SU Parakh,22,16,26.0,3,7.333333333333333,137.5,8.666666666666666,16.0,26.0,3,0.0,0.0,0.0,0.0
SV Samson,5181,3769,6099.0,184,28.157608695652176,137.4635181745821,33.14673913043478,145.0,6099.0,184,0.0,0.0,0.0,0.0
SW Billings,503,399,583.0,27,18.62962962962963,126.06516290726817,21.59259259259259,68.0,583.0,27,0.0,0.0,0.0,0.0
SW Tait,23,26,26.0,5,4.6,88.46153846153845,5.2,13.0,26.0,5,30.952380952380953,100.0,650.0,21.0
SZ Mulani,1,1,1.0,1,1.0,100.0,1.0,1.0,1.0,1,0.0,0.0,0.0,2.0
Sachin Baby,144,123,165.0,11,13.090909090909092,117.07317073170731,15.0,34.0,165.0,11,37.5,50.0,75.0,2.0
Salman Butt,193,172,227.0,7,27.571428571428573,112.20930232558139,32.42857142857143,85.0,227.0,7,0.0,0.0,0.0,0.0
Sameer Rizvi,424,304,506.0,18,23.555555555555557,139.4736842105263,28.11111111111111,111.0,506.0,18,0.0,0.0,0.0,0.0
Sandeep Sharma,60,79,64.0,26,2.3076923076923075,75.9493670886076,2.4615384615384617,10.0,64.0,26,29.753521126760564,125.0,4225.0,142.0
Sanvir Singh,25,22,29.0,5,5.0,113.63636363636364,5.8,9.0,29.0,5,0.0,0.0,0.0,0.0
Saurav Chauhan,18,16,21.0,3,6.0,112.5,7.0,11.0,21.0,3,0.0,0.0,0.0,0.0
Sediqullah Atal,22,16,26.0,1,22.0,137.5,26.0,26.0,26.0,1,0.0,0.0,0.0,0.0
Shahbaz Ahmed,603,516,692.0,40,15.075,116.86046511627907,17.3,71.0,692.0,40,13.5,75.0,675.0,50.0
Shahid Afridi,81,46,100.0,9,9.0,176.08695652173913,11.11111111111111,40.0,100.0,9,22.5,75.0,225.0,10.0
Shakib Al Hasan,795,665,910.0,52,15.288461538461538,119.54887218045114,17.5,78.0,910.0,52,25.357142857142858,75.0,1775.0,70.0
Shashank Singh,905,588,1074.0,42,21.547619047619047,153.91156462585033,25.571428571428573,86.0,1074.0,42,14.285714285714286,50.0,100.0,7.0
Shivam Mavi,51,58,59.0,11,4.636363636363637,87.93103448275862,5.363636363636363,25.0,59.0,11,25.78125,100.0,825.0,32.0
Shivam Sharma,5,3,6.0,2,2.5,166.66666666666669,3.0,5.0,6.0,2,20.0,50.0,100.0,5.0
Shivam Singh,2,3,2.0,1,2.0,66.66666666666666,2.0,2.0,2.0,1,0.0,0.0,0.0,0.0
Shivang Kumar,26,23,31.0,5,5.2,113.04347826086956,6.2,15.0,31.0,5,22.727272727272727,75.0,250.0,11.0
Shoaib Ahmed,1,6,1.0,3,0.3333333333333333,16.666666666666664,0.3333333333333333,1.0,1.0,3,17.857142857142858,50.0,125.0,7.0
Shoaib Akhtar,2,8,2.0,1,2.0,25.0,2.0,2.0,2.0,1,41.666666666666664,100.0,125.0,3.0
Shoaib Malik,52,49,57.0,5,10.4,106.12244897959184,11.4,25.0,57.0,5,10.0,25.0,50.0,5.0
Shubman Gill,4418,3226,5132.0,126,35.06349206349206,136.9497830130192,40.73015873015873,156.0,5132.0,126,0.0,0.0,0.0,0.0
Sikandar Raza,182,143,210.0,9,20.22222222222222,127.27272727272727,23.333333333333332,67.0,210.0,9,10.714285714285714,25.0,75.0,7.0
Simarjeet Singh,10,15,10.0,6,1.6666666666666667,66.66666666666666,1.6666666666666667,3.0,10.0,6,21.428571428571427,75.0,300.0,14.0
Sohail Tanvir,36,31,41.0,5,7.2,116.12903225806453,8.2,16.0,41.0,5,54.54545454545455,150.0,600.0,11.0
Sumit Kumar,18,26,22.0,3,6.0,69.23076923076923,7.333333333333333,11.0,22.0,3,0.0,0.0,0.0,2.0
Sunny Gupta,0,1,0.0,1,0.0,0.0,0.0,0.0,0.0,1,0.0,0.0,0.0,1.0
Sunny Singh,43,31,51.0,5,8.6,138.70967741935485,10.2,24.0,51.0,5,0.0,0.0,0.0,0.0
Suryansh Shedge,156,97,188.0,9,17.333333333333332,160.82474226804123,20.88888888888889,70.0,188.0,9,0.0,0.0,0.0,1.0
Swapnil Singh,51,46,60.0,9,5.666666666666667,110.86956521739131,6.666666666666667,19.0,60.0,9,12.5,50.0,175.0,14.0
T Banton,18,22,21.0,2,9.0,81.81818181818183,10.5,13.0,21.0,2,0.0,0.0,0.0,0.0
T Henderson,11,16,13.0,2,5.5,68.75,6.5,13.0,13.0,2,12.5,25.0,25.0,2.0
T Kohler-Cadmore,48,54,57.0,3,16.0,88.88888888888889,19.0,24.0,57.0,3,0.0,0.0,0.0,0.0
T Kohli,11,20,13.0,3,3.6666666666666665,55.00000000000001,4.333333333333333,9.0,13.0,3,0.0,0.0,0.0,0.0
T Natarajan,4,7,4.0,3,1.3333333333333333,57.14285714285714,1.3333333333333333,3.0,4.0,3,28.424657534246574,100.0,2075.0,73.0
T Shamsi,2,4,2.0,1,2.0,50.0,2.0,2.0,2.0,1,15.0,25.0,75.0,5.0
T Stubbs,986,666,1149.0,42,23.476190476190474,148.04804804804806,27.357142857142858,88.0,1149.0,42,20.0,50.0,100.0,5.0
T Taibu,31,26,34.0,3,10.333333333333334,119.23076923076923,11.333333333333334,17.0,34.0,3,0.0,0.0,0.0,0.0
T Thushara,12,19,12.0,4,3.0,63.1578947368421,3.0,8.0,12.0,4,41.666666666666664,100.0,250.0,6.0
TA Boult,93,90,106.0,26,3.576923076923077,103.33333333333334,4.076923076923077,19.0,106.0,26,30.846774193548388,100.0,3825.0,124.0
TD Paine,10,29,10.0,2,5.0,34.48275862068966,5.0,8.0,10.0,2,0.0,0.0,0.0,0.0
TG Southee,120,108,136.0,19,6.315789473684211,111.11111111111111,7.157894736842105,41.0,136.0,19,26.38888888888889,125.0,1425.0,54.0
TH David,1108,666,1342.0,56,19.785714285714285,166.36636636636638,23.964285714285715,89.0,1342.0,56,0.0,0.0,0.0,1.0
TK Curran,127,108,143.0,10,12.7,117.59259259259258,14.3,62.0,143.0,10,25.0,75.0,325.0,13.0
TL Seifert,45,44,53.0,6,7.5,102.27272727272727,8.833333333333334,25.0,53.0,6,0.0,0.0,0.0,0.0
TL Suman,676,587,783.0,39,17.333333333333332,115.1618398637138,20.076923076923077,90.0,783.0,39,15.909090909090908,50.0,175.0,11.0
TM Dilshan,1153,1047,1341.0,50,23.06,110.12416427889207,26.82,88.0,1341.0,50,5.0,25.0,125.0,25.0
TM Head,1513,934,1832.0,50,30.26,161.99143468950749,36.64,127.0,1832.0,50,12.5,50.0,75.0,6.0
TM Srivastava,8,11,8.0,3,2.6666666666666665,72.72727272727273,2.6666666666666665,7.0,8.0,3,0.0,0.0,0.0,0.0
TR Birt,75,59,88.0,5,15.0,127.11864406779661,17.6,32.0,88.0,5,0.0,0.0,0.0,0.0
TS Mills,8,14,10.0,5,1.6,57.14285714285714,2.0,8.0,10.0,5,27.5,75.0,275.0,10.0
TU Deshpande,54,38,64.0,10,5.4,142.10526315789474,6.4,31.0,64.0,10,28.846153846153847,100.0,1500.0,52.0
Tanush Kotian,24,32,27.0,1,24.0,75.0,27.0,27.0,27.0,1,0.0,0.0,0.0,0.0
Tilak Varma,1835,1304,2158.0,63,29.126984126984127,140.7208588957055,34.25396825396825,123.0,2158.0,63,0.0,0.0,0.0,4.0
U Kaul,0,1,0.0,1,0.0,0.0,0.0,0.0,0.0,1,0.0,0.0,0.0,0.0
UA Birla,7,15,8.0,1,7.0,46.666666666666664,8.0,8.0,8.0,1,0.0,0.0,0.0,0.0
UBT Chand,300,314,350.0,20,15.0,95.54140127388536,17.5,70.0,350.0,20,0.0,0.0,0.0,0.0
UT Khawaja,127,105,147.0,6,21.166666666666668,120.95238095238095,24.5,34.0,147.0,6,0.0,0.0,0.0,0.0
UT Yadav,208,211,242.0,48,4.333333333333333,98.5781990521327,5.041666666666667,30.0,242.0,48,27.72108843537415,100.0,4075.0,147.0
Umar Gul,39,19,50.0,4,9.75,205.26315789473685,12.5,31.0,50.0,4,58.333333333333336,100.0,350.0,6.0
Umran Malik,23,16,28.0,5,4.6,143.75,5.6,24.0,28.0,5,29.807692307692307,125.0,775.0,26.0
Urvil Patel,197,100,248.0,9,21.88888888888889,197.0,27.555555555555557,83.0,248.0,9,0.0,0.0,0.0,0.0
V Kohli,9213,7048,10670.0,272,33.87132352941177,130.71793416572078,39.22794117647059,141.0,10670.0,272,4.8076923076923075,50.0,125.0,26.0
V Nigam,157,92,191.0,10,15.7,170.65217391304347,19.1,48.0,191.0,10,19.444444444444443,50.0,350.0,18.0
V Pratap Singh,0,1,0.0,1,0.0,0.0,0.0,0.0,0.0,1,33.333333333333336,75.0,300.0,9.0
V Sehwag,2728,1833,3274.0,104,26.23076923076923,148.82705946535734,31.48076923076923,150.0,3274.0,104,10.0,50.0,150.0,15.0
V Shankar,1233,985,1417.0,63,19.571428571428573,125.17766497461929,22.49206349206349,77.0,1417.0,63,13.636363636363637,50.0,300.0,22.0
V Suryavanshi,831,386,1053.0,20,41.55,215.28497409326425,52.65,132.0,1053.0,20,0.0,0.0,0.0,0.0
V Viyaskanth,7,5,7.0,1,7.0,140.0,7.0,7.0,7.0,1,8.333333333333334,25.0,25.0,3.0
VG Arora,10,28,10.0,11,0.9090909090909091,35.714285714285715,0.9090909090909091,2.0,10.0,11,30.357142857142858,75.0,1275.0,42.0
VH Zol,29,26,34.0,2,14.5,111.53846153846155,17.0,19.0,34.0,2,0.0,0.0,0.0,0.0
VR Aaron,50,73,56.0,12,4.166666666666667,68.4931506849315,4.666666666666667,20.0,56.0,12,23.0,75.0,1150.0,50.0
VR Iyer,1582,1180,1870.0,59,26.8135593220339,134.0677966101695,31.694915254237287,128.0,1870.0,59,8.333333333333334,50.0,75.0,9.0
VRV Singh,4,3,5.0,2,2.0,133.33333333333331,2.5,5.0,5.0,2,22.22222222222222,75.0,400.0,18.0
VS Malik,7,7,8.0,2,3.5,100.0,4.0,7.0,8.0,2,11.538461538461538,50.0,150.0,13.0
VS Yeligati,2,2,2.0,1,2.0,100.0,2.0,2.0,2.0,1,0.0,0.0,0.0,2.0
VVS Laxman,282,271,325.0,20,14.1,104.0590405904059,16.25,59.0,325.0,20,0.0,0.0,0.0,0.0
VY Mahesh,15,28,15.0,5,3.0,53.57142857142857,3.0,6.0,15.0,5,32.35294117647059,125.0,550.0,17.0
Vijaykumar Vyshak,16,17,18.0,6,2.6666666666666665,94.11764705882352,3.0,15.0,18.0,6,32.291666666666664,100.0,775.0,24.0
Virat Singh,15,26,16.0,2,7.5,57.692307692307686,8.0,12.0,16.0,2,0.0,0.0,0.0,0.0
Vishnu Vinod,71,66,83.0,7,10.142857142857142,107.57575757575756,11.857142857142858,36.0,83.0,7,0.0,0.0,0.0,0.0
Vivrant Sharma,69,49,82.0,1,69.0,140.81632653061226,82.0,82.0,82.0,1,0.0,0.0,0.0,2.0
W Jaffer,130,129,150.0,8,16.25,100.7751937984496,18.75,59.0,150.0,8,0.0,0.0,0.0,0.0
WA Mota,56,76,58.0,8,7.0,73.68421052631578,7.25,27.0,58.0,8,14.285714285714286,25.0,100.0,7.0
WD Parnell,65,86,71.0,13,5.0,75.5813953488372,5.461538461538462,18.0,71.0,13,30.303030303030305,100.0,1000.0,33.0
WG Jacks,555,359,671.0,24,23.125,154.59610027855152,27.958333333333332,125.0,671.0,24,13.235294117647058,50.0,225.0,17.0
WP Saha,2934,2368,3404.0,143,20.517482517482517,123.90202702702702,23.804195804195803,141.0,3404.0,143,0.0,0.0,0.0,0.0
WPUJC Vaas,81,73,89.0,11,7.363636363636363,110.95890410958904,8.090909090909092,22.0,89.0,11,42.30769230769231,75.0,550.0,13.0
Washington Sundar,807,630,933.0,55,14.672727272727272,128.09523809523807,16.963636363636365,65.0,933.0,55,15.671641791044776,75.0,1050.0,67.0
X Thalaivan Sargunam,10,17,10.0,1,10.0,58.82352941176471,10.0,10.0,10.0,1,0.0,0.0,0.0,0.0
XC Bartlett,40,29,47.0,4,10.0,137.93103448275863,11.75,22.0,47.0,4,13.461538461538462,50.0,175.0,13.0
Y Gnaneswara Rao,19,18,22.0,1,19.0,105.55555555555556,22.0,22.0,22.0,1,0.0,0.0,0.0,1.0
Y Nagar,285,271,323.0,20,14.25,105.1660516605166,16.15,47.0,323.0,20,12.5,50.0,100.0,8.0
Y Prithvi Raj,0,1,0.0,1,0.0,0.0,0.0,0.0,0.0,1,12.5,25.0,25.0,2.0
Y Venugopal Rao,985,865,1136.0,52,18.942307692307693,113.87283236994219,21.846153846153847,87.0,1136.0,52,8.75,50.0,175.0,20.0
YA Abdulla,0,1,0.0,1,0.0,0.0,0.0,0.0,0.0,1,34.09090909090909,100.0,375.0,11.0
YBK Jaiswal,2536,1702,3056.0,79,32.10126582278481,149.0011750881316,38.68354430379747,156.0,3056.0,79,0.0,0.0,0.0,1.0
YK Pathan,3222,2334,3807.0,153,21.058823529411764,138.04627249357327,24.88235294117647,125.0,3807.0,153,14.024390243902438,75.0,1150.0,82.0
YS Chahal,37,89,37.0,17,2.176470588235294,41.57303370786517,2.176470588235294,8.0,37.0,17,32.78688524590164,125.0,6000.0,183.0
YV Dhull,16,23,17.0,3,5.333333333333333,69.56521739130434,5.666666666666667,14.0,17.0,3,0.0,0.0,0.0,0.0
YV Takawale,192,183,224.0,10,19.2,104.91803278688525,22.4,52.0,224.0,10,0.0,0.0,0.0,0.0
Yash Dayal,4,9,4.0,4,1.0,44.44444444444444,1.0,3.0,4.0,4,26.162790697674417,100.0,1125.0,43.0
Yashpal Singh,47,67,52.0,4,11.75,70.1492537313433,13.0,23.0,52.0,4,0.0,0.0,0.0,0.0
Younis Khan,3,7,3.0,1,3.0,42.857142857142854,3.0,3.0,3.0,1,0.0,0.0,0.0,0.0
Yudhvir Singh,22,16,27.0,4,5.5,137.5,6.75,17.0,27.0,4,22.22222222222222,75.0,200.0,9.0
Yuvraj Singh,2754,2207,3270.0,126,21.857142857142858,124.78477571363842,25.952380952380953,104.0,3270.0,126,13.356164383561644,100.0,975.0,73.0
Z Khan,117,141,132.0,27,4.333333333333333,82.97872340425532,4.888888888888889,28.0,132.0,27,30.050505050505052,100.0,2975.0,99.0
